,winloss,championPlayed,kills,deaths,assists
0,0,112,4,4,2
1,0,39,2,5,3
2,0,120,0,8,6
3,0,202,4,5,3
4,0,25,2,8,4
5,1,6,6,2,1
6,1,412,0,4,14
7,1,498,5,2,7
8,1,2,11,3,6
9,1,245,8,1,8
10,1,25,2,4,26
11,1,222,14,4,9
12,1,875,2,4,8
13,1,38,11,2,13
14,1,104,9,4,15
15,0,119,2,10,8
16,0,134,5,7,7
17,0,64,8,8,6
18,0,412,0,8,10
19,0,150,3,5,3
20,1,30,6,8,9
21,1,236,6,7,7
22,1,78,4,4,10
23,1,79,11,2,11
24,1,234,8,4,5
25,0,526,2,4,10
26,0,103,7,8,4
27,0,114,0,10,0
28,0,145,8,4,5
29,0,107,8,9,3
30,0,107,5,10,8
31,0,517,8,9,8
32,0,498,6,5,3
33,0,412,0,7,16
34,0,13,5,6,7
35,1,120,12,5,13
36,1,245,15,6,9
37,1,43,2,2,18
38,1,62,6,6,18
39,1,147,2,5,14
40,0,360,1,6,0
41,0,126,8,4,9
42,0,141,8,7,3
43,0,142,2,4,11
44,0,98,3,7,9
45,1,203,7,4,10
46,1,9,7,5,14
47,1,517,2,8,9
48,1,412,1,3,18
49,1,22,11,2,7
50,0,107,2,6,5
51,0,120,5,8,10
52,0,142,5,5,9
53,0,12,2,7,7
54,0,45,5,7,3
55,1,22,9,4,9
56,1,421,10,3,8
57,1,103,3,5,18
58,1,14,4,3,11
59,1,517,7,4,9
60,0,246,10,8,4
61,0,223,2,7,13
62,0,120,6,4,9
63,0,235,3,9,13
64,0,69,3,12,6
65,1,245,9,1,15
66,1,21,5,5,12
67,1,236,5,5,10
68,1,43,1,8,14
69,1,107,20,6,8
70,1,202,2,2,0
71,1,89,1,2,8
72,1,77,8,1,3
73,1,18,2,2,0
74,1,13,3,1,8
75,0,115,3,3,1
76,0,150,2,3,1
77,0,236,1,5,1
78,0,25,1,3,4
79,0,412,1,2,3
80,1,222,2,1,12
81,1,876,8,1,9
82,1,254,10,0,15
83,1,432,1,3,20
84,1,8,9,4,7
85,0,164,2,5,1
86,0,107,4,7,3
87,0,497,0,5,5
88,0,498,0,7,3
89,0,142,3,6,1
90,1,51,11,2,6
91,1,99,8,2,14
92,1,157,6,3,3
93,1,78,3,1,4
94,1,30,4,2,12
95,0,39,6,11,0
96,0,147,0,4,3
97,0,75,2,5,0
98,0,235,2,8,3
99,0,876,0,4,3
100,0,91,0,5,1
101,0,523,1,6,5
102,0,43,3,7,5
103,0,69,4,5,1
104,0,2,6,8,6
105,1,876,7,2,10
106,1,89,1,3,12
107,1,79,7,2,5
108,1,777,11,2,1
109,1,429,5,5,7
110,0,203,4,9,2
111,0,81,3,10,2
112,0,142,0,3,5
113,0,40,3,4,5
114,0,14,0,5,3
115,1,58,10,2,4
116,1,498,7,2,10
117,1,245,9,0,7
118,1,777,4,2,9
119,1,412,1,4,13
120,0,145,4,11,9
121,0,9,6,6,5
122,0,62,3,7,1
123,0,111,3,11,9
124,0,517,3,4,4
125,1,58,7,5,10
126,1,81,12,3,9
127,1,154,7,2,14
128,1,412,3,6,19
129,1,4,10,3,11
130,1,163,9,4,9
131,1,147,0,3,17
132,1,39,4,2,8
133,1,145,4,2,5
134,1,62,8,2,9
135,0,37,1,4,9
136,0,18,9,4,3
137,0,236,1,7,2
138,0,72,1,7,8
139,0,112,1,3,6
140,1,497,2,0,13
141,1,498,4,2,5
142,1,517,11,0,5
143,1,421,9,1,6
144,1,92,6,5,2
145,0,114,5,8,0
146,0,2,0,7,0
147,0,18,2,6,0
148,0,4,0,5,1
149,0,53,0,6,3
150,1,51,8,3,11
151,1,16,1,8,18
152,1,13,8,6,9
153,1,555,17,5,8
154,1,64,5,4,16
155,0,12,1,12,12
156,0,360,7,5,4
157,0,61,5,5,10
158,0,104,9,8,6
159,0,69,4,9,8
160,0,134,3,10,6
161,0,104,7,8,10
162,0,89,2,7,13
163,0,18,8,8,6
164,0,74,2,6,4
165,1,50,9,3,10
166,1,64,9,4,12
167,1,20,11,4,12
168,1,526,1,6,16
169,1,80,9,5,14
170,0,20,2,5,8
171,0,64,7,4,5
172,0,875,2,6,7
173,0,18,2,6,1
174,0,517,2,6,4
175,1,13,8,1,8
176,1,145,9,2,5
177,1,84,3,3,6
178,1,412,0,4,13
179,1,80,7,5,12
180,1,1,6,4,13
181,1,12,2,5,21
182,1,64,10,4,14
183,1,18,12,5,12
184,1,150,9,5,6
185,0,432,3,7,12
186,0,69,10,8,4
187,0,421,4,8,7
188,0,142,2,7,9
189,0,81,4,9,5
190,1,202,12,6,12
191,1,89,1,8,18
192,1,80,9,4,10
193,1,60,14,6,12
194,1,126,5,8,20
195,0,526,2,9,18
196,0,236,5,5,6
197,0,163,3,10,13
198,0,18,17,7,3
199,0,164,5,10,11
200,1,79,6,5,8
201,1,164,11,4,6
202,1,12,2,2,19
203,1,142,7,3,10
204,1,523,4,6,4
205,0,56,2,10,3
206,0,202,3,4,11
207,0,20,7,6,7
208,0,80,5,4,8
209,0,76,3,6,6
210,1,150,9,7,10
211,1,119,13,7,8
212,1,3,3,6,21
213,1,2,9,7,16
214,1,12,2,8,20
215,0,876,10,5,18
216,0,40,1,7,21
217,0,15,9,6,12
218,0,43,4,7,16
219,0,39,11,11,11
220,1,134,10,2,10
221,1,67,5,5,6
222,1,111,4,3,16
223,1,141,8,5,13
224,1,240,4,4,3
225,0,526,4,7,4
226,0,13,3,6,3
227,0,107,3,6,2
228,0,96,4,7,4
229,0,421,5,5,2
230,1,121,7,2,14
231,1,53,2,7,13
232,1,266,4,6,10
233,1,18,11,6,8
234,1,4,5,4,14
235,0,112,2,9,5
236,0,89,4,5,13
237,0,120,3,4,14
238,0,150,9,5,4
239,0,222,7,6,8
240,1,96,8,8,14
241,1,245,9,5,11
242,1,26,2,4,24
243,1,92,5,3,7
244,1,120,10,3,17
245,0,142,6,8,3
246,0,77,4,4,7
247,0,222,8,7,6
248,0,41,1,7,5
249,0,111,4,8,10
250,1,164,8,4,14
251,1,497,4,4,20
252,1,69,5,6,13
253,1,498,7,3,12
254,1,64,15,8,12
255,0,517,8,7,3
256,0,12,3,6,15
257,0,58,6,12,4
258,0,145,3,8,6
259,0,113,5,6,12
260,1,37,1,1,15
261,1,164,14,1,6
262,1,30,4,5,11
263,1,245,6,1,6
264,1,80,10,2,5
265,0,421,3,6,1
266,0,29,6,8,1
267,0,267,0,4,8
268,0,147,0,5,4
269,0,39,1,12,0
270,1,412,3,3,9
271,1,518,4,0,9
272,1,134,1,3,2
273,1,18,9,1,5
274,1,150,5,4,4
275,0,120,2,4,6
276,0,80,1,7,2
277,0,13,3,1,2
278,0,145,2,7,2
279,0,517,3,3,0
280,0,245,5,7,7
281,0,202,4,3,8
282,0,126,7,6,9
283,0,141,9,7,5
284,0,89,0,6,12
285,1,222,6,6,12
286,1,134,9,2,8
287,1,240,3,7,7
288,1,76,10,4,11
289,1,223,1,6,21
290,1,120,7,1,8
291,1,15,4,3,8
292,1,39,6,4,7
293,1,34,1,5,11
294,1,55,11,2,6
295,0,110,6,5,3
296,0,147,0,4,10
297,0,79,1,4,3
298,0,80,4,12,2
299,0,18,3,4,1
300,1,64,3,3,17
301,1,79,3,2,12
302,1,147,1,2,16
303,1,777,5,4,10
304,1,222,11,1,3
305,0,876,4,3,5
306,0,117,1,4,6
307,0,523,3,5,3
308,0,39,0,5,2
309,0,421,4,6,4
310,0,60,2,7,0
311,0,235,0,7,8
312,0,67,4,4,2
313,0,126,3,5,1
314,0,112,2,4,0
315,1,145,5,3,5
316,1,79,4,4,7
317,1,421,10,1,9
318,1,42,7,2,4
319,1,117,1,1,17
320,1,235,1,3,13
321,1,91,8,7,2
322,1,81,7,1,9
323,1,69,8,2,4
324,1,421,8,0,4
325,0,117,0,7,3
326,0,202,2,8,5
327,0,268,3,3,1
328,0,50,2,9,4
329,0,104,6,5,2
330,0,33,0,4,4
331,0,412,0,3,0
332,0,523,0,7,0
333,0,85,3,4,0
334,0,245,1,5,1
335,1,555,7,1,8
336,1,876,5,0,6
337,1,777,6,2,5
338,1,14,1,1,3
339,1,145,3,0,4
340,0,266,2,7,9
341,0,77,5,6,11
342,0,222,9,7,9
343,0,39,15,10,5
344,0,875,2,8,14
345,1,76,11,5,12
346,1,498,14,8,14
347,1,497,2,5,28
348,1,58,5,5,6
349,1,69,6,10,16
350,1,69,7,7,5
351,1,222,14,5,10
352,1,79,6,3,17
353,1,238,9,5,10
354,1,53,3,6,13
355,0,412,2,7,12
356,0,7,3,6,7
357,0,202,6,8,5
358,0,39,11,9,3
359,0,141,3,9,8
360,1,69,6,3,11
361,1,12,0,5,18
362,1,234,5,3,11
363,1,141,10,6,8
364,1,360,15,6,6
365,0,41,8,8,8
366,0,3,3,8,15
367,0,203,4,8,11
368,0,147,6,6,14
369,0,61,2,6,7
370,0,429,7,9,9
371,0,245,11,12,8
372,0,10,9,7,6
373,0,875,8,11,13
374,0,12,1,7,17
375,1,114,14,9,13
376,1,518,1,9,16
377,1,517,16,5,14
378,1,35,7,5,12
379,1,236,8,8,8
380,0,134,0,5,2
381,0,104,5,5,2
382,0,12,0,4,1
383,0,79,2,5,4
384,0,15,1,2,1
385,1,119,5,1,4
386,1,35,2,0,4
387,1,4,6,4,5
388,1,526,2,0,7
389,1,150,6,3,8
390,1,266,5,3,4
391,1,133,6,5,10
392,1,876,8,2,9
393,1,412,2,2,14
394,1,41,4,5,5
395,0,43,4,7,1
396,0,15,0,2,3
397,0,35,4,5,3
398,0,58,7,6,1
399,0,4,2,5,6
400,1,77,4,1,3
401,1,202,8,0,5
402,1,142,6,2,5
403,1,3,3,1,10
404,1,117,0,1,5
405,0,119,1,8,2
406,0,876,1,3,1
407,0,150,0,4,0
408,0,412,1,3,1
409,0,69,2,3,1
410,1,412,6,8,32
411,1,222,14,7,15
412,1,85,10,12,17
413,1,104,10,11,14
414,1,238,9,4,13
415,0,777,4,11,12
416,0,80,11,14,9
417,0,62,11,9,2
418,0,876,4,8,14
419,0,110,12,8,8
420,1,81,2,1,1
421,1,421,4,1,4
422,1,114,4,0,2
423,1,350,0,3,3
424,1,4,2,1,5
425,0,16,0,2,3
426,0,60,1,2,2
427,0,126,0,3,1
428,0,51,2,1,1
429,0,517,3,4,0
430,0,141,4,11,6
431,0,51,7,2,8
432,0,25,3,5,9
433,0,112,4,4,7
434,0,8,3,8,3
435,1,43,0,5,18
436,1,3,2,6,11
437,1,41,7,4,13
438,1,76,12,5,11
439,1,202,9,1,6
440,0,41,5,5,8
441,0,104,4,6,16
442,0,245,9,6,6
443,0,523,12,13,9
444,0,412,1,8,19
445,1,81,14,7,12
446,1,92,10,4,8
447,1,37,0,7,25
448,1,55,10,6,12
449,1,2,4,7,7
450,0,518,1,0,1
451,0,17,0,6,2
452,0,202,1,1,1
453,0,112,1,2,0
454,0,120,2,2,1
455,1,74,0,0,1
456,1,126,4,2,4
457,1,55,1,1,3
458,1,526,2,1,4
459,1,2,4,1,4
460,0,412,1,12,15
461,0,92,7,5,10
462,0,246,8,9,2
463,0,498,2,9,10
464,0,60,9,5,14
465,1,77,0,5,24
466,1,134,4,5,8
467,1,360,26,5,7
468,1,39,8,5,7
469,1,89,2,7,22
470,0,89,1,8,7
471,0,3,2,10,5
472,0,145,5,7,4
473,0,141,4,9,6
474,0,54,3,6,4
475,1,2,14,4,5
476,1,266,11,1,15
477,1,235,0,4,12
478,1,432,1,2,20
479,1,517,13,4,6
480,0,350,2,2,14
481,0,64,6,4,8
482,0,54,2,5,8
483,0,43,3,3,6
484,0,29,4,4,4
485,1,104,6,3,7
486,1,222,4,4,9
487,1,112,3,2,9
488,1,117,2,3,9
489,1,126,3,5,6
490,0,20,4,7,19
491,0,92,12,8,8
492,0,25,2,10,18
493,0,51,5,9,12
494,0,112,11,6,12
495,1,145,15,6,11
496,1,421,16,4,6
497,1,68,1,9,18
498,1,526,2,8,21
499,1,80,6,8,6
500,0,18,2,5,3
501,0,4,3,7,5
502,0,526,0,5,7
503,0,77,2,7,7
504,0,39,6,6,2
505,1,254,8,2,9
506,1,69,6,4,6
507,1,222,6,2,9
508,1,58,6,4,8
509,1,432,4,1,23
510,0,777,1,5,1
511,0,6,3,5,1
512,0,28,1,4,9
513,0,429,8,5,3
514,0,3,1,6,7
515,1,43,3,5,12
516,1,150,4,2,8
517,1,147,5,3,14
518,1,234,7,3,5
519,1,112,6,1,9
520,0,35,2,9,9
521,0,106,4,5,5
522,0,81,4,9,1
523,0,876,5,6,8
524,0,236,8,4,4
525,1,150,2,7,3
526,1,43,5,4,14
527,1,429,16,3,8
528,1,107,4,5,2
529,1,111,6,4,15
530,1,777,7,1,6
531,1,412,0,2,6
532,1,164,2,8,9
533,1,222,7,0,2
534,1,59,5,5,14
535,0,4,4,4,4
536,0,67,5,9,3
537,0,89,0,2,11
538,0,76,3,3,4
539,0,145,4,3,5
540,0,145,1,3,0
541,0,76,2,4,1
542,0,89,0,2,1
543,0,58,1,6,2
544,0,134,2,4,2
545,1,67,3,4,5
546,1,18,4,0,2
547,1,526,0,1,5
548,1,68,6,0,7
549,1,104,6,2,9
550,0,202,1,5,4
551,0,412,2,8,4
552,0,131,8,6,2
553,0,58,4,9,6
554,0,11,3,5,3
555,1,876,9,2,8
556,1,18,10,2,8
557,1,523,9,5,7
558,1,43,2,5,16
559,1,111,2,4,18
560,0,12,0,9,8
561,0,38,3,4,2
562,0,147,2,6,5
563,0,141,5,5,4
564,0,58,6,6,3
565,1,145,7,2,12
566,1,30,10,4,11
567,1,131,9,2,10
568,1,107,2,5,3
569,1,89,2,3,21
570,1,526,2,4,21
571,1,18,13,4,10
572,1,69,9,6,13
573,1,2,6,3,21
574,1,20,13,6,13
575,0,134,4,11,4
576,0,81,0,11,6
577,0,58,6,9,3
578,0,876,9,7,5
579,0,350,3,5,11
580,0,150,3,5,3
581,0,111,1,6,5
582,0,876,2,5,5
583,0,21,0,9,2
584,0,56,7,9,3
585,1,432,3,3,18
586,1,141,17,2,7
587,1,15,4,2,11
588,1,106,3,4,6
589,1,518,7,2,10
590,1,64,5,0,3
591,1,58,0,0,7
592,1,103,6,0,2
593,1,22,2,0,3
594,1,147,0,1,5
595,0,43,0,5,0
596,0,89,1,1,0
597,0,876,0,2,0
598,0,236,0,2,0
599,0,157,0,3,1
600,1,1,6,4,13
601,1,12,2,5,21
602,1,64,10,4,14
603,1,18,12,5,12
604,1,150,9,5,6
605,0,432,3,7,12
606,0,69,10,8,4
607,0,421,4,8,7
608,0,142,2,7,9
609,0,81,4,9,5
610,1,120,6,0,11
611,1,29,9,4,6
612,1,134,4,3,3
613,1,54,10,1,6
614,1,526,3,1,18
615,0,131,2,7,0
616,0,96,3,7,3
617,0,126,1,4,0
618,0,40,2,7,3
619,0,107,1,7,3
620,1,115,5,0,2
621,1,43,2,0,0
622,1,875,1,0,5
623,1,203,0,0,4
624,1,236,5,1,3
625,0,21,0,3,0
626,0,157,0,1,0
627,0,876,0,2,0
628,0,777,0,4,0
629,0,12,0,3,0
630,0,429,0,8,5
631,0,4,1,2,1
632,0,876,1,6,2
633,0,80,4,6,2
634,0,92,2,5,0
635,1,120,4,0,11
636,1,15,8,1,6
637,1,142,8,2,5
638,1,526,2,3,10
639,1,43,5,2,5
640,1,54,3,3,14
641,1,80,9,3,10
642,1,50,8,1,11
643,1,77,6,2,13
644,1,91,7,3,5
645,0,28,5,9,1
646,0,92,4,3,3
647,0,497,1,3,8
648,0,498,2,7,5
649,0,126,0,11,1
650,0,81,1,7,1
651,0,62,1,7,4
652,0,876,5,7,5
653,0,432,0,7,6
654,0,92,5,5,1
655,1,126,5,3,6
656,1,526,3,4,16
657,1,15,8,0,10
658,1,131,8,2,7
659,1,107,9,3,9
660,1,104,1,2,12
661,1,526,2,6,16
662,1,18,14,4,8
663,1,245,9,4,6
664,1,126,4,6,7
665,0,39,7,7,7
666,0,81,2,7,6
667,0,43,1,4,15
668,0,120,7,4,9
669,0,85,5,9,5
670,1,145,11,6,3
671,1,876,5,1,8
672,1,12,1,5,19
673,1,150,6,6,11
674,1,131,8,0,9
675,0,20,1,6,6
676,0,141,6,7,1
677,0,526,0,5,8
678,0,69,7,9,4
679,0,267,4,4,10
680,1,81,5,4,5
681,1,142,5,0,7
682,1,96,11,5,6
683,1,235,2,4,12
684,1,266,7,3,9
685,0,145,4,3,6
686,0,39,2,8,3
687,0,555,5,7,4
688,0,268,0,3,2
689,0,60,5,9,6
690,0,2,9,9,11
691,0,134,7,9,10
692,0,114,5,10,6
693,0,79,6,3,14
694,0,145,10,8,8
695,1,245,11,9,7
696,1,64,9,4,14
697,1,12,1,8,19
698,1,133,7,13,8
699,1,18,11,3,12
700,1,51,10,3,14
701,1,38,10,9,12
702,1,432,5,4,24
703,1,79,3,1,17
704,1,104,13,3,20
705,0,89,1,9,11
706,0,222,8,8,7
707,0,126,1,10,4
708,0,245,7,7,5
709,0,876,3,7,7
710,0,16,1,8,6
711,0,234,1,2,3
712,0,2,2,6,1
713,0,54,1,2,1
714,0,145,6,4,2
715,1,76,8,0,4
716,1,111,2,5,11
717,1,126,3,3,5
718,1,18,6,3,10
719,1,268,3,1,5
720,0,42,4,1,3
721,0,15,1,3,4
722,0,78,1,2,1
723,0,12,1,5,6
724,0,76,4,4,4
725,1,2,7,1,4
726,1,517,3,4,2
727,1,526,2,2,8
728,1,523,2,1,5
729,1,126,1,3,6
730,1,145,11,6,9
731,1,526,2,6,17
732,1,79,5,7,8
733,1,2,18,4,9
734,1,43,0,7,20
735,0,777,5,6,7
736,0,12,1,6,14
737,0,28,8,7,12
738,0,18,9,7,5
739,0,126,7,10,15
740,0,245,1,4,1
741,0,28,0,5,4
742,0,126,1,3,0
743,0,18,1,5,3
744,0,89,2,3,2
745,1,523,2,2,5
746,1,876,9,2,3
747,1,23,4,0,2
748,1,246,4,1,1
749,1,12,1,0,8
750,0,81,0,3,2
751,0,43,1,5,7
752,0,246,5,4,5
753,0,150,0,6,2
754,0,203,9,8,2
755,1,51,10,2,4
756,1,64,4,3,9
757,1,25,1,3,14
758,1,58,5,1,4
759,1,69,6,6,6
760,1,145,7,2,2
761,1,60,6,3,6
762,1,61,1,2,8
763,1,79,2,4,4
764,1,126,4,2,7
765,0,18,3,4,3
766,0,89,1,3,4
767,0,103,1,3,5
768,0,104,5,4,2
769,0,777,3,6,1
770,1,126,2,6,4
771,1,7,9,1,8
772,1,18,10,4,10
773,1,104,5,4,8
774,1,526,1,5,16
775,0,145,3,6,8
776,0,64,12,6,2
777,0,42,0,5,7
778,0,12,2,6,6
779,0,117,3,4,8
780,1,157,2,6,10
781,1,412,3,3,20
782,1,104,18,0,4
783,1,79,6,2,15
784,1,222,14,4,6
785,0,2,3,8,1
786,0,777,1,13,1
787,0,498,5,10,3
788,0,134,5,4,3
789,0,12,1,8,8
790,0,81,3,3,3
791,0,104,4,3,3
792,0,245,4,5,5
793,0,526,1,4,8
794,0,14,1,2,2
795,1,15,3,2,7
796,1,12,2,4,6
797,1,876,8,1,1
798,1,126,4,1,4
799,1,142,0,5,3
800,0,141,6,11,16
801,0,245,9,3,8
802,0,147,3,4,18
803,0,235,10,8,17
804,0,14,5,8,5
805,1,236,5,9,8
806,1,2,9,7,9
807,1,350,2,6,21
808,1,517,5,5,4
809,1,126,13,6,8
810,0,238,8,8,4
811,0,412,2,6,17
812,0,31,7,8,12
813,0,76,14,7,7
814,0,523,4,5,12
815,1,62,11,7,12
816,1,245,8,7,13
817,1,64,6,6,14
818,1,147,5,4,20
819,1,21,4,11,16
820,1,55,10,3,6
821,1,79,5,1,8
822,1,421,9,5,9
823,1,51,4,2,9
824,1,58,5,3,6
825,0,497,1,6,10
826,0,876,2,6,8
827,0,68,2,9,5
828,0,555,7,6,3
829,0,498,2,6,6
830,0,126,0,8,3
831,0,14,1,4,8
832,0,235,3,5,7
833,0,61,3,5,3
834,0,203,5,4,1
835,1,526,1,3,13
836,1,236,6,2,7
837,1,18,3,4,6
838,1,79,10,0,11
839,1,245,6,3,3
840,0,111,0,8,1
841,0,54,3,8,5
842,0,9,4,6,3
843,0,238,3,8,3
844,0,235,2,11,2
845,1,126,10,2,5
846,1,28,12,2,10
847,1,147,8,0,12
848,1,497,3,2,20
849,1,41,8,6,6
850,0,89,1,3,7
851,0,81,2,8,4
852,0,126,7,6,3
853,0,147,2,3,8
854,0,76,3,3,8
855,1,268,3,4,7
856,1,223,2,4,9
857,1,235,2,1,9
858,1,234,11,4,2
859,1,141,5,2,6
860,1,104,8,1,7
861,1,145,5,2,9
862,1,4,5,1,12
863,1,126,3,4,8
864,1,111,3,3,14
865,0,3,3,8,4
866,0,25,1,5,8
867,0,64,3,5,1
868,0,79,2,4,3
869,0,21,2,2,5
870,0,16,3,6,9
871,0,141,6,11,5
872,0,68,4,5,7
873,0,498,7,5,4
874,0,150,5,9,6
875,1,126,12,6,11
876,1,30,3,4,15
877,1,18,7,3,5
878,1,9,12,6,8
879,1,526,2,6,10
880,0,523,2,6,4
881,0,268,5,7,4
882,0,526,3,7,6
883,0,28,8,9,3
884,0,67,2,11,3
885,1,68,9,3,13
886,1,4,2,4,9
887,1,150,6,6,10
888,1,235,5,5,19
889,1,104,18,2,6
890,0,526,3,4,3
891,0,23,1,3,0
892,0,18,2,3,3
893,0,164,0,5,1
894,0,79,0,1,3
895,1,12,0,2,8
896,1,58,3,1,4
897,1,145,5,2,0
898,1,69,3,0,1
899,1,76,5,1,3
900,0,497,0,2,3
901,0,80,2,3,2
902,0,13,2,1,2
903,0,18,0,2,0
904,0,104,1,2,3
905,1,202,2,0,3
906,1,254,0,3,5
907,1,150,4,1,1
908,1,517,4,1,3
909,1,12,0,0,5
910,0,30,2,4,6
911,0,119,7,8,2
912,0,234,4,8,6
913,0,12,3,5,11
914,0,254,5,8,8
915,1,150,6,2,15
916,1,18,4,2,6
917,1,13,4,9,11
918,1,432,2,6,18
919,1,76,17,2,13
920,0,13,10,6,6
921,0,2,4,8,8
922,0,267,2,9,13
923,0,92,3,8,4
924,0,29,4,7,7
925,1,114,9,7,5
926,1,412,2,5,21
927,1,68,13,3,12
928,1,120,7,3,17
929,1,523,7,5,11
930,0,81,1,4,4
931,0,3,0,4,6
932,0,54,1,5,5
933,0,2,8,5,0
934,0,61,0,6,4
935,1,222,1,2,5
936,1,62,11,1,2
937,1,266,5,3,5
938,1,9,6,2,9
939,1,12,1,2,8
940,1,876,5,4,9
941,1,134,3,6,6
942,1,80,6,5,6
943,1,79,1,2,11
944,1,236,17,2,7
945,0,26,3,3,6
946,0,245,1,8,0
947,0,126,4,8,2
948,0,81,7,2,2
949,0,120,4,11,6
950,1,429,3,4,7
951,1,54,2,2,6
952,1,26,3,2,16
953,1,2,6,1,9
954,1,6,14,2,2
955,0,60,3,2,2
956,0,41,3,8,0
957,0,43,2,5,6
958,0,13,0,10,3
959,0,15,3,3,4
960,0,201,0,5,13
961,0,268,7,5,5
962,0,126,4,7,11
963,0,498,4,10,7
964,0,30,13,7,6
965,1,18,12,7,5
966,1,497,2,3,19
967,1,64,13,4,8
968,1,147,1,8,12
969,1,62,6,6,6
970,0,81,1,2,2
971,0,150,0,5,0
972,0,76,2,6,1
973,0,432,0,3,3
974,0,777,1,3,2
975,1,126,6,0,2
976,1,235,1,1,8
977,1,203,11,0,0
978,1,142,1,2,5
979,1,223,0,2,6
980,0,516,1,3,5
981,0,79,2,7,6
982,0,81,3,6,4
983,0,203,2,7,2
984,0,84,4,7,2
985,1,412,3,3,13
986,1,120,7,1,5
987,1,58,2,3,1
988,1,222,16,2,6
989,1,134,2,3,11
990,1,45,14,6,4
991,1,222,6,3,10
992,1,203,9,4,11
993,1,516,3,4,13
994,1,526,3,4,12
995,0,429,4,6,5
996,0,4,9,3,7
997,0,79,2,10,6
998,0,421,4,11,6
999,0,150,2,6,7
1000,0,222,2,7,1
1001,0,117,3,5,1
1002,0,150,0,4,5
1003,0,28,6,7,2
1004,0,246,2,4,5
1005,1,39,3,4,2
1006,1,164,1,4,4
1007,1,18,6,2,7
1008,1,68,14,2,8
1009,1,89,3,1,10
1010,0,150,3,6,6
1011,0,30,6,6,3
1012,0,555,4,8,6
1013,0,69,5,8,5
1014,0,498,1,7,5
1015,1,121,21,2,1
1016,1,51,5,4,7
1017,1,67,6,6,3
1018,1,497,0,2,19
1019,1,61,3,5,8
1020,1,8,3,0,5
1021,1,246,6,3,2
1022,1,51,3,2,8
1023,1,120,10,1,6
1024,1,25,2,3,10
1025,0,77,4,4,3
1026,0,54,0,4,2
1027,0,498,2,5,4
1028,0,201,1,6,4
1029,0,58,2,5,4
1030,1,18,3,6,4
1031,1,245,1,3,7
1032,1,36,3,3,6
1033,1,67,4,6,2
1034,1,235,4,1,8
1035,0,523,5,3,3
1036,0,3,4,4,8
1037,0,12,1,2,13
1038,0,62,5,2,8
1039,0,122,4,4,3
1040,0,876,1,7,7
1041,0,236,4,4,5
1042,0,145,5,5,9
1043,0,150,5,5,8
1044,0,40,6,7,5
1045,1,104,14,4,9
1046,1,147,3,5,14
1047,1,43,3,4,21
1048,1,13,4,3,9
1049,1,164,4,5,7
1050,0,110,1,4,3
1051,0,236,2,3,1
1052,0,14,0,2,0
1053,0,76,3,3,3
1054,0,412,0,6,5
1055,1,266,2,1,2
1056,1,120,7,1,10
1057,1,235,3,1,7
1058,1,518,3,1,6
1059,1,43,3,2,10
1060,0,107,0,5,2
1061,0,876,1,6,1
1062,0,236,0,6,0
1063,0,497,1,4,2
1064,0,498,2,4,1
1065,1,163,7,0,4
1066,1,14,3,1,0
1067,1,12,2,1,15
1068,1,145,8,1,7
1069,1,54,5,1,3
1070,1,875,6,9,14
1071,1,141,10,16,14
1072,1,429,21,6,15
1073,1,412,3,7,28
1074,1,147,4,5,19
1075,0,14,3,13,14
1076,0,245,8,5,17
1077,0,18,7,10,16
1078,0,126,17,8,6
1079,0,876,8,8,13
1080,0,4,7,3,8
1081,0,25,1,4,6
1082,0,106,6,4,6
1083,0,222,0,4,4
1084,0,76,4,3,2
1085,1,22,5,2,3
1086,1,126,5,4,1
1087,1,104,6,6,4
1088,1,517,2,4,6
1089,1,53,0,2,9
1090,0,150,5,6,12
1091,0,56,7,9,10
1092,0,76,9,10,7
1093,0,432,1,7,15
1094,0,202,6,10,8
1095,1,14,7,7,14
1096,1,523,10,7,13
1097,1,240,11,5,11
1098,1,412,4,2,26
1099,1,30,9,7,12
1100,1,69,7,5,1
1101,1,119,7,4,4
1102,1,421,7,3,9
1103,1,57,8,0,7
1104,1,53,1,3,11
1105,0,81,2,4,7
1106,0,59,4,5,6
1107,0,68,3,5,0
1108,0,101,3,5,6
1109,0,126,3,11,0
1110,1,51,7,6,10
1111,1,60,8,6,7
1112,1,99,5,3,14
1113,1,54,0,14,9
1114,1,246,11,4,9
1115,0,517,18,6,8
1116,0,58,2,4,6
1117,0,53,3,7,7
1118,0,202,3,6,7
1119,0,64,7,8,11
1120,0,92,4,7,6
1121,0,268,5,9,10
1122,0,497,0,6,10
1123,0,498,5,7,7
1124,0,35,6,8,6
1125,1,81,12,3,8
1126,1,245,14,5,6
1127,1,98,3,4,21
1128,1,2,8,4,9
1129,1,89,0,4,14
1130,1,12,0,4,13
1131,1,18,5,1,4
1132,1,20,5,1,9
1133,1,134,10,1,6
1134,1,114,10,1,2
1135,0,9,1,6,2
1136,0,777,2,8,0
1137,0,86,2,7,0
1138,0,142,1,5,1
1139,0,222,2,4,1
1140,1,10,6,4,7
1141,1,236,8,3,4
1142,1,245,9,0,12
1143,1,12,4,5,12
1144,1,203,7,4,5
1145,0,40,2,7,7
1146,0,14,2,10,2
1147,0,142,3,7,4
1148,0,64,8,7,5
1149,0,145,1,4,6
1150,1,497,2,5,10
1151,1,86,2,6,4
1152,1,245,6,3,10
1153,1,777,7,8,5
1154,1,222,5,3,11
1155,0,523,2,3,10
1156,0,235,0,5,16
1157,0,13,12,5,2
1158,0,104,3,6,9
1159,0,79,8,3,7
1160,0,203,2,6,2
1161,0,126,4,6,4
1162,0,1,6,6,1
1163,0,235,0,5,3
1164,0,79,3,5,2
1165,1,122,7,1,3
1166,1,134,9,4,4
1167,1,16,3,5,16
1168,1,110,1,2,11
1169,1,876,7,3,6
1170,1,498,10,3,9
1171,1,150,4,9,11
1172,1,497,2,5,21
1173,1,104,6,4,9
1174,1,4,8,2,11
1175,0,80,5,8,11
1176,0,23,6,7,3
1177,0,142,0,5,1
1178,0,76,8,5,8
1179,0,21,4,5,10
1180,0,106,3,3,4
1181,0,72,3,6,6
1182,0,38,4,7,2
1183,0,43,1,6,6
1184,0,145,3,3,2
1185,1,875,1,3,13
1186,1,235,8,3,6
1187,1,60,5,4,4
1188,1,266,5,1,5
1189,1,142,6,3,8
1190,0,2,6,6,8
1191,0,81,1,6,10
1192,0,412,0,6,8
1193,0,142,8,7,4
1194,0,79,2,6,8
1195,1,98,3,3,14
1196,1,111,3,3,13
1197,1,18,5,3,9
1198,1,254,5,4,13
1199,1,7,15,4,7
1200,1,498,3,4,5
1201,1,2,7,3,8
1202,1,164,10,2,11
1203,1,3,4,1,22
1204,1,13,11,3,11
1205,0,777,0,7,3
1206,0,526,0,9,9
1207,0,360,4,8,5
1208,0,234,5,6,2
1209,0,84,4,5,3
1210,0,28,4,10,7
1211,0,777,0,13,1
1212,0,145,15,7,4
1213,0,54,1,7,3
1214,0,89,1,13,9
1215,1,105,10,5,9
1216,1,67,10,7,13
1217,1,432,7,4,25
1218,1,121,12,4,17
1219,1,31,11,2,11
1220,0,76,14,9,14
1221,0,157,9,9,9
1222,0,523,7,9,14
1223,0,875,8,10,10
1224,0,497,0,4,27
1225,1,145,13,6,13
1226,1,876,7,10,16
1227,1,517,12,7,15
1228,1,526,3,8,24
1229,1,150,6,7,15
1230,0,80,7,9,11
1231,0,61,3,5,10
1232,0,164,7,6,7
1233,0,163,6,5,7
1234,0,236,3,9,4
1235,1,875,3,6,8
1236,1,104,7,2,7
1237,1,145,13,5,7
1238,1,79,3,7,6
1239,1,112,8,6,7
1240,1,76,7,2,7
1241,1,18,7,5,4
1242,1,517,4,3,6
1243,1,145,7,4,3
1244,1,89,0,3,9
1245,0,498,4,4,4
1246,0,72,4,4,5
1247,0,412,2,6,7
1248,0,112,4,3,2
1249,0,79,3,8,3
1250,1,78,6,3,9
1251,1,157,8,3,6
1252,1,72,8,2,10
1253,1,134,14,2,16
1254,1,79,3,4,18
1255,0,120,2,7,4
1256,0,147,0,8,6
1257,0,92,5,9,2
1258,0,45,2,10,3
1259,0,81,5,5,3
1260,0,134,0,5,1
1261,0,106,1,6,3
1262,0,498,2,4,2
1263,0,121,7,4,1
1264,0,497,0,6,6
1265,1,145,3,2,6
1266,1,412,3,3,15
1267,1,58,7,3,6
1268,1,76,7,1,8
1269,1,3,5,1,11
1270,1,142,11,4,10
1271,1,58,5,7,6
1272,1,2,8,7,8
1273,1,21,3,3,10
1274,1,147,0,4,20
1275,0,69,10,8,4
1276,0,62,6,6,4
1277,0,234,7,5,5
1278,0,117,1,3,7
1279,0,523,1,5,2
1280,1,147,8,6,12
1281,1,876,8,7,12
1282,1,81,9,4,13
1283,1,150,5,8,11
1284,1,412,1,7,20
1285,0,79,3,1,17
1286,0,30,6,6,14
1287,0,12,1,10,16
1288,0,203,13,8,6
1289,0,517,9,6,11
1290,0,360,3,7,4
1291,0,154,1,5,14
1292,0,62,11,6,2
1293,0,39,5,9,2
1294,0,497,0,6,7
1295,1,82,11,3,8
1296,1,76,6,4,9
1297,1,81,5,5,11
1298,1,147,3,6,18
1299,1,777,8,2,9
1300,1,80,4,5,15
1301,1,245,13,3,10
1302,1,89,0,5,14
1303,1,58,2,5,10
1304,1,360,14,7,11
1305,0,526,0,7,18
1306,0,67,9,6,9
1307,0,76,6,5,12
1308,0,54,0,7,10
1309,0,39,10,8,4
1310,0,55,0,8,1
1311,0,526,1,10,2
1312,0,114,1,7,1
1313,0,29,3,5,2
1314,0,28,3,6,2
1315,1,104,16,0,4
1316,1,57,4,3,4
1317,1,875,2,0,12
1318,1,236,6,4,6
1319,1,517,8,1,9
1320,0,28,1,5,2
1321,0,81,2,4,3
1322,0,526,1,7,6
1323,0,55,2,6,1
1324,0,164,2,3,0
1325,1,517,11,2,7
1326,1,60,3,0,12
1327,1,62,4,2,4
1328,1,498,4,3,5
1329,1,432,3,1,14
1330,1,114,4,3,1
1331,1,142,6,2,8
1332,1,121,4,3,12
1333,1,432,6,2,20
1334,1,360,14,1,7
1335,0,777,0,6,5
1336,0,420,3,4,0
1337,0,350,0,9,5
1338,0,67,3,8,1
1339,0,28,4,7,2
1340,0,526,0,5,0
1341,0,62,0,1,0
1342,0,134,0,3,0
1343,0,76,0,3,0
1344,0,360,0,2,0
1345,1,876,6,0,3
1346,1,67,3,0,2
1347,1,78,1,0,6
1348,1,41,1,0,7
1349,1,117,3,0,2
1350,0,25,1,7,2
1351,0,498,0,5,3
1352,0,85,0,3,0
1353,0,61,4,1,0
1354,0,154,0,1,0
1355,1,39,3,1,3
1356,1,21,4,2,4
1357,1,497,1,1,4
1358,1,76,4,0,0
1359,1,236,4,1,0
1360,1,14,6,9,32
1361,1,145,7,11,17
1362,1,105,19,11,12
1363,1,58,16,11,7
1364,1,875,4,11,30
1365,0,498,10,10,21
1366,0,526,2,12,26
1367,0,120,17,9,18
1368,0,142,19,7,19
1369,0,39,5,14,11
1370,1,234,7,5,11
1371,1,41,3,8,4
1372,1,30,12,4,7
1373,1,81,7,4,8
1374,1,26,3,4,15
1375,0,876,11,7,5
1376,0,58,3,4,10
1377,0,147,1,7,12
1378,0,202,8,5,4
1379,0,236,2,9,5
1380,0,61,4,6,3
1381,0,64,6,7,5
1382,0,41,1,7,2
1383,0,235,1,6,6
1384,0,147,0,6,6
1385,1,122,10,1,2
1386,1,26,2,1,19
1387,1,22,6,2,5
1388,1,112,4,5,8
1389,1,107,10,3,8
1390,0,39,6,9,4
1391,0,29,9,8,6
1392,0,80,4,11,8
1393,0,104,3,7,9
1394,0,84,6,7,8
1395,1,3,2,7,21
1396,1,61,4,3,19
1397,1,164,15,4,11
1398,1,163,18,8,8
1399,1,21,3,6,12
1400,0,147,3,6,5
1401,0,67,6,8,1
1402,0,20,2,8,8
1403,0,40,1,4,9
1404,0,777,2,6,4
1405,1,112,4,3,12
1406,1,104,18,3,8
1407,1,12,2,3,15
1408,1,79,4,3,11
1409,1,222,4,2,9
1410,1,235,11,6,15
1411,1,234,16,3,8
1412,1,28,5,4,7
1413,1,51,6,4,12
1414,1,122,3,5,2
1415,0,126,2,6,5
1416,0,526,1,10,14
1417,0,1,2,7,9
1418,0,202,11,8,4
1419,0,104,6,10,4
1420,0,234,7,8,10
1421,0,360,1,10,6
1422,0,517,14,6,7
1423,0,526,0,7,8
1424,0,114,3,6,6
1425,1,12,4,3,24
1426,1,67,10,3,10
1427,1,4,8,6,18
1428,1,76,5,11,10
1429,1,164,10,2,11
1430,1,25,1,5,18
1431,1,120,3,5,10
1432,1,777,11,5,3
1433,1,523,9,5,6
1434,1,517,7,9,12
1435,0,79,7,5,9
1436,0,266,5,11,6
1437,0,497,2,5,18
1438,0,142,3,5,14
1439,0,235,11,5,7
1440,1,266,4,6,10
1441,1,163,16,5,11
1442,1,12,4,4,24
1443,1,777,16,3,9
1444,1,15,10,3,6
1445,0,30,9,8,6
1446,0,164,0,8,4
1447,0,81,4,11,5
1448,0,6,3,11,7
1449,0,29,5,12,8
1450,0,238,1,6,1
1451,0,79,2,4,1
1452,0,85,3,6,1
1453,0,360,1,2,0
1454,0,34,0,3,1
1455,1,58,5,0,10
1456,1,60,8,1,4
1457,1,555,6,3,3
1458,1,268,2,3,3
1459,1,81,0,0,8
1460,0,427,1,4,5
1461,0,777,7,9,1
1462,0,526,1,6,7
1463,0,498,2,7,9
1464,0,141,7,9,4
1465,1,4,6,5,16
1466,1,432,3,3,24
1467,1,21,9,6,12
1468,1,77,7,3,14
1469,1,150,10,1,10
1470,0,429,8,4,1
1471,0,526,1,8,7
1472,0,98,0,4,8
1473,0,234,4,10,6
1474,0,77,1,5,5
1475,1,55,8,4,13
1476,1,60,9,5,10
1477,1,235,7,2,19
1478,1,80,6,3,10
1479,1,497,1,1,24
1480,0,58,6,6,3
1481,0,60,9,6,3
1482,0,40,3,5,9
1483,0,234,3,10,6
1484,0,236,1,8,5
1485,1,133,5,7,10
1486,1,104,12,4,14
1487,1,526,4,2,11
1488,1,145,10,3,6
1489,1,34,4,6,6
1490,0,145,12,5,2
1491,0,268,3,5,4
1492,0,266,2,8,4
1493,0,497,1,4,14
1494,0,163,1,7,6
1495,1,61,5,2,10
1496,1,523,3,5,6
1497,1,234,6,4,5
1498,1,59,0,6,13
1499,1,120,15,2,4
1500,1,91,12,4,13
1501,1,875,5,2,23
1502,1,876,9,3,16
1503,1,40,3,4,24
1504,1,69,18,4,7
1505,0,145,4,10,5
1506,0,526,2,12,6
1507,0,34,2,6,6
1508,0,164,7,11,2
1509,0,56,2,8,8
1510,1,18,10,3,7
1511,1,50,5,1,3
1512,1,89,2,5,16
1513,1,77,4,3,13
1514,1,24,6,2,6
1515,0,39,3,6,0
1516,0,203,6,6,5
1517,0,43,0,6,11
1518,0,96,5,7,8
1519,0,117,0,2,7
1520,0,89,3,5,2
1521,0,6,0,4,1
1522,0,77,3,5,3
1523,0,67,5,6,4
1524,0,61,3,5,5
1525,1,35,12,1,7
1526,1,147,1,5,12
1527,1,81,1,4,12
1528,1,268,3,1,7
1529,1,126,8,3,4
1530,1,202,3,0,9
1531,1,89,3,2,11
1532,1,112,6,3,9
1533,1,41,8,2,11
1534,1,77,10,2,10
1535,0,432,0,4,5
1536,0,39,6,8,1
1537,0,51,2,4,1
1538,0,236,1,9,2
1539,0,79,0,5,6
1540,1,202,13,1,12
1541,1,35,10,5,14
1542,1,161,3,5,15
1543,1,55,9,5,9
1544,1,516,1,2,12
1545,0,92,5,9,5
1546,0,85,1,5,4
1547,0,64,4,7,1
1548,0,29,5,9,5
1549,0,37,3,6,10
1550,1,61,6,6,9
1551,1,120,8,2,7
1552,1,67,6,7,7
1553,1,58,0,5,8
1554,1,43,2,5,13
1555,0,8,2,4,6
1556,0,112,3,7,7
1557,0,145,4,3,9
1558,0,2,5,4,9
1559,0,555,11,4,3
1560,1,421,10,5,9
1561,1,15,9,2,9
1562,1,432,2,3,19
1563,1,3,1,2,18
1564,1,240,7,2,6
1565,0,64,5,7,6
1566,0,13,2,7,3
1567,0,53,4,5,4
1568,0,81,1,6,5
1569,0,114,2,4,3
1570,1,1,6,4,13
1571,1,12,2,5,21
1572,1,64,10,4,14
1573,1,18,12,5,12
1574,1,150,9,5,6
1575,0,432,3,7,12
1576,0,69,10,8,4
1577,0,421,4,8,7
1578,0,142,2,7,9
1579,0,81,4,9,5
1580,1,25,2,6,7
1581,1,12,2,4,16
1582,1,131,6,0,7
1583,1,15,11,1,8
1584,1,24,8,6,7
1585,0,517,2,5,4
1586,0,43,2,7,7
1587,0,81,2,6,7
1588,0,164,6,7,4
1589,0,2,5,4,4
1590,1,67,8,2,5
1591,1,89,3,4,8
1592,1,39,10,5,5
1593,1,30,3,4,13
1594,1,236,5,1,5
1595,0,12,0,5,8
1596,0,61,6,1,3
1597,0,150,2,6,7
1598,0,145,6,5,5
1599,0,36,2,12,7
1600,1,142,5,0,13
1601,1,120,6,2,10
1602,1,14,1,2,8
1603,1,89,3,4,10
1604,1,202,13,4,10
1605,0,15,2,4,6
1606,0,203,4,5,4
1607,0,98,3,3,3
1608,0,412,3,9,5
1609,0,61,0,7,4
1610,0,22,6,7,17
1611,0,876,8,10,9
1612,0,236,12,6,8
1613,0,235,4,10,22
1614,0,39,3,10,9
1615,1,61,2,7,17
1616,1,14,6,6,24
1617,1,121,12,7,8
1618,1,412,3,8,24
1619,1,222,20,5,14
1620,1,154,3,5,20
1621,1,145,12,4,11
1622,1,497,2,3,22
1623,1,58,3,5,6
1624,1,157,10,5,7
1625,0,18,5,5,9
1626,0,28,5,6,9
1627,0,360,8,5,5
1628,0,133,2,5,4
1629,0,89,2,9,12
1630,1,54,3,2,11
1631,1,157,5,3,1
1632,1,412,2,4,8
1633,1,876,3,5,10
1634,1,61,5,1,9
1635,0,24,4,6,0
1636,0,497,1,2,11
1637,0,202,5,4,4
1638,0,236,1,4,3
1639,0,245,4,2,8
1640,1,266,4,4,12
1641,1,18,12,3,5
1642,1,12,1,2,10
1643,1,76,8,6,3
1644,1,112,0,3,11
1645,0,79,0,5,10
1646,0,150,5,6,2
1647,0,145,4,5,3
1648,0,876,8,4,6
1649,0,43,1,5,8
1650,0,497,3,5,17
1651,0,875,2,8,1
1652,0,81,7,5,8
1653,0,240,8,5,5
1654,0,876,6,5,8
1655,1,526,1,8,13
1656,1,9,3,5,8
1657,1,145,2,7,6
1658,1,112,3,4,10
1659,1,39,18,2,3
1660,0,58,8,9,6
1661,0,54,5,5,2
1662,0,154,4,4,10
1663,0,18,2,6,6
1664,0,48,0,6,9
1665,1,39,4,6,14
1666,1,526,1,3,21
1667,1,360,8,4,9
1668,1,9,10,4,5
1669,1,150,7,2,13
1670,0,150,1,8,7
1671,0,523,6,5,6
1672,0,80,6,7,11
1673,0,76,10,6,4
1674,0,25,2,3,18
1675,1,777,0,6,8
1676,1,222,8,6,7
1677,1,28,10,5,9
1678,1,497,2,5,15
1679,1,126,9,3,14
1680,1,126,2,1,4
1681,1,64,7,2,4
1682,1,18,2,0,3
1683,1,131,3,0,5
1684,1,412,0,1,7
1685,0,121,1,5,1
1686,0,39,2,4,0
1687,0,150,1,2,0
1688,0,145,0,1,0
1689,0,117,0,2,0
1690,0,126,6,6,5
1691,0,412,1,7,9
1692,0,141,7,7,3
1693,0,20,3,10,11
1694,0,51,3,8,6
1695,1,235,4,1,23
1696,1,58,14,4,3
1697,1,55,11,7,6
1698,1,875,5,4,12
1699,1,234,4,4,12
1700,1,3,0,3,15
1701,1,145,8,4,4
1702,1,268,4,2,9
1703,1,36,6,0,12
1704,1,41,6,8,4
1705,0,79,3,3,3
1706,0,104,6,6,3
1707,0,157,3,4,3
1708,0,131,2,6,4
1709,0,412,3,5,7
1710,1,112,8,4,11
1711,1,21,5,6,10
1712,1,114,12,7,9
1713,1,111,4,6,14
1714,1,113,6,5,12
1715,0,518,6,7,12
1716,0,13,3,6,11
1717,0,58,7,10,9
1718,0,26,3,6,17
1719,0,81,9,7,3
1720,1,58,9,2,9
1721,1,876,7,2,15
1722,1,236,5,6,8
1723,1,497,2,4,15
1724,1,81,4,10,6
1725,0,875,8,7,4
1726,0,117,1,4,14
1727,0,79,1,5,15
1728,0,76,6,8,8
1729,0,222,8,3,7
1730,1,266,9,5,2
1731,1,13,4,6,8
1732,1,429,13,4,10
1733,1,141,11,4,8
1734,1,412,1,3,22
1735,0,104,7,7,7
1736,0,26,4,10,10
1737,0,126,4,7,5
1738,0,131,2,6,3
1739,0,81,5,9,9
1740,1,142,6,4,3
1741,1,50,3,3,8
1742,1,126,7,2,7
1743,1,60,5,1,8
1744,1,67,3,3,8
1745,0,203,4,3,3
1746,0,111,1,9,6
1747,0,31,0,5,1
1748,0,157,1,3,2
1749,0,29,7,4,3
1750,0,64,1,6,2
1751,0,201,1,6,2
1752,0,150,3,3,1
1753,0,202,1,4,1
1754,0,268,1,4,0
1755,1,516,1,4,3
1756,1,28,12,0,2
1757,1,30,5,1,7
1758,1,111,1,2,10
1759,1,234,4,0,4
1760,1,523,4,5,15
1761,1,427,9,3,19
1762,1,126,7,5,15
1763,1,35,7,11,14
1764,1,147,10,5,14
1765,0,145,15,7,2
1766,0,245,1,7,6
1767,0,412,2,6,20
1768,0,30,5,9,5
1769,0,18,6,8,6
1770,0,85,1,6,2
1771,0,81,0,5,3
1772,0,43,1,6,5
1773,0,61,1,3,4
1774,0,104,7,3,3
1775,1,117,0,3,12
1776,1,236,3,2,4
1777,1,876,5,2,4
1778,1,235,1,1,13
1779,1,222,14,2,2
1780,0,79,3,3,5
1781,0,145,2,6,3
1782,0,134,3,5,3
1783,0,421,2,9,4
1784,0,236,3,4,2
1785,1,61,9,3,9
1786,1,41,4,4,6
1787,1,76,6,2,6
1788,1,235,6,2,13
1789,1,223,2,2,12
1790,0,432,0,3,4
1791,0,112,1,3,0
1792,0,41,1,3,1
1793,0,76,1,3,2
1794,0,81,2,6,1
1795,1,145,10,0,0
1796,1,526,0,1,9
1797,1,876,3,2,4
1798,1,266,3,1,5
1799,1,236,2,2,4
1800,1,2,0,0,0
1801,1,67,1,0,0
1802,1,61,0,0,0
1803,1,235,0,0,0
1804,1,526,0,0,0
1805,0,39,0,1,0
1806,0,412,0,0,0
1807,0,429,0,0,0
1808,0,254,0,0,0
1809,0,115,0,0,0
1810,0,79,0,0,0
1811,0,64,0,0,0
1812,0,40,0,1,0
1813,0,245,0,0,0
1814,0,145,0,2,0
1815,1,111,2,0,1
1816,1,60,0,0,2
1817,1,85,0,0,0
1818,1,266,0,0,0
1819,1,222,1,0,1
1820,1,31,2,2,3
1821,1,222,5,2,7
1822,1,4,3,6,10
1823,1,111,3,2,13
1824,1,234,10,1,3
1825,0,350,0,4,4
1826,0,145,1,5,2
1827,0,114,4,3,1
1828,0,13,4,4,2
1829,0,107,4,7,2
1830,1,235,9,6,10
1831,1,876,10,2,13
1832,1,18,14,1,10
1833,1,68,6,3,17
1834,1,22,3,7,17
1835,0,28,8,6,5
1836,0,81,3,7,6
1837,0,39,2,11,3
1838,0,147,2,8,7
1839,0,875,4,10,4
1840,1,429,6,3,5
1841,1,126,4,4,2
1842,1,43,1,2,4
1843,1,104,7,0,6
1844,1,432,4,0,13
1845,0,39,3,4,2
1846,0,48,1,3,3
1847,0,223,1,6,2
1848,0,235,2,6,0
1849,0,1,2,3,0
1850,1,120,8,4,9
1851,1,43,0,3,11
1852,1,31,3,3,11
1853,1,61,1,4,14
1854,1,222,8,1,7
1855,0,412,0,6,12
1856,0,523,7,4,5
1857,0,147,1,2,8
1858,0,117,1,4,7
1859,0,104,6,4,5
1860,1,61,2,7,9
1861,1,526,2,7,11
1862,1,107,10,5,5
1863,1,117,2,4,16
1864,1,15,9,2,10
1865,0,58,7,7,3
1866,0,412,1,6,8
1867,0,876,6,4,8
1868,0,222,6,4,6
1869,0,112,3,4,7
1870,1,80,2,4,10
1871,1,76,7,1,5
1872,1,41,0,8,11
1873,1,145,4,2,11
1874,1,39,8,1,6
1875,0,222,0,3,4
1876,0,147,0,5,4
1877,0,54,9,4,3
1878,0,120,5,6,5
1879,0,43,2,3,8
1880,1,145,6,0,2
1881,1,111,1,2,6
1882,1,39,4,2,2
1883,1,79,1,1,3
1884,1,245,2,2,4
1885,0,412,0,3,3
1886,0,523,1,2,0
1887,0,31,0,1,2
1888,0,421,3,5,3
1889,0,62,3,3,0
1890,0,15,1,3,1
1891,0,77,1,3,2
1892,0,350,2,0,1
1893,0,61,1,6,0
1894,0,875,0,4,0
1895,1,34,5,0,4
1896,1,117,3,0,7
1897,1,432,1,1,11
1898,1,81,2,2,2
1899,1,203,5,2,5
1900,1,117,1,2,19
1901,1,238,4,3,11
1902,1,222,15,3,11
1903,1,234,10,3,8
1904,1,223,1,5,19
1905,0,39,4,6,7
1906,0,412,1,5,12
1907,0,202,3,9,6
1908,0,134,5,4,3
1909,0,876,3,7,7
1910,1,412,0,1,20
1911,1,875,8,5,14
1912,1,876,6,5,10
1913,1,112,3,5,16
1914,1,429,12,2,3
1915,0,12,2,6,11
1916,0,72,4,4,9
1917,0,61,2,9,6
1918,0,41,2,5,9
1919,0,21,8,5,2
1920,1,43,2,2,14
1921,1,18,2,4,8
1922,1,126,5,6,3
1923,1,76,7,3,10
1924,1,81,9,4,3
1925,0,39,6,5,5
1926,0,235,5,1,2
1927,0,134,2,8,4
1928,0,876,5,7,7
1929,0,412,1,4,6
1930,1,67,7,4,10
1931,1,497,0,5,8
1932,1,41,8,2,9
1933,1,77,5,1,10
1934,1,777,2,5,9
1935,0,39,3,4,5
1936,0,104,1,2,4
1937,0,516,1,7,4
1938,0,526,5,5,6
1939,0,18,7,4,1
1940,0,62,2,3,2
1941,0,222,1,7,4
1942,0,154,3,6,3
1943,0,134,3,6,1
1944,0,12,1,5,5
1945,1,67,12,2,4
1946,1,41,4,4,4
1947,1,61,4,1,6
1948,1,876,7,0,9
1949,1,57,0,3,14
1950,0,6,0,5,3
1951,0,145,0,5,1
1952,0,61,3,1,1
1953,0,111,0,8,2
1954,0,876,2,7,1
1955,1,141,10,1,12
1956,1,92,5,1,4
1957,1,79,1,3,6
1958,1,526,0,0,17
1959,1,222,10,0,12
1960,1,104,12,3,7
1961,1,526,1,2,10
1962,1,18,8,3,6
1963,1,45,3,5,7
1964,1,150,3,2,9
1965,0,41,2,8,3
1966,0,84,5,7,5
1967,0,876,3,2,6
1968,0,21,3,5,3
1969,0,89,2,5,6
1970,0,79,1,5,12
1971,0,12,1,7,13
1972,0,39,11,6,7
1973,0,876,6,6,12
1974,0,523,7,7,5
1975,1,266,3,8,17
1976,1,25,0,5,26
1977,1,51,17,5,7
1978,1,1,4,5,10
1979,1,120,7,3,16
1980,0,235,0,4,1
1981,0,39,4,5,2
1982,0,223,1,5,0
1983,0,59,2,5,1
1984,0,112,1,2,1
1985,1,412,0,2,16
1986,1,8,1,2,4
1987,1,77,3,0,6
1988,1,429,13,0,2
1989,1,236,4,4,3
1990,1,266,2,1,6
1991,1,28,4,0,4
1992,1,268,5,2,1
1993,1,222,5,1,3
1994,1,12,0,2,8
1995,0,79,0,3,1
1996,0,145,1,5,1
1997,0,421,3,3,1
1998,0,517,1,2,2
1999,0,526,1,3,2
2000,1,25,5,6,26
2001,1,3,5,4,14
2002,1,164,9,11,8
2003,1,222,8,5,23
2004,1,104,16,8,6
2005,0,555,10,8,6
2006,0,412,2,10,17
2007,0,54,7,6,13
2008,0,68,3,9,11
2009,0,141,12,10,13
2010,1,120,6,7,7
2011,1,117,0,2,15
2012,1,131,3,4,9
2013,1,96,6,3,4
2014,1,517,7,5,4
2015,0,235,2,4,11
2016,0,43,4,5,10
2017,0,110,8,6,6
2018,0,876,6,3,13
2019,0,875,1,4,7
2020,1,104,6,5,8
2021,1,51,14,2,8
2022,1,101,6,4,10
2023,1,99,7,6,11
2024,1,79,5,4,6
2025,0,876,3,6,7
2026,0,134,5,6,3
2027,0,235,1,12,12
2028,0,150,7,5,5
2029,0,236,5,9,6
2030,0,267,0,2,5
2031,0,76,6,4,0
2032,0,68,0,4,2
2033,0,164,1,5,4
2034,0,18,3,5,0
2035,1,111,0,2,11
2036,1,27,1,2,5
2037,1,14,2,4,3
2038,1,96,9,2,1
2039,1,203,8,0,6
2040,1,121,7,2,14
2041,1,53,2,7,13
2042,1,266,4,6,10
2043,1,18,11,6,8
2044,1,4,5,4,14
2045,0,112,2,9,5
2046,0,89,4,5,13
2047,0,120,3,4,14
2048,0,150,9,5,4
2049,0,222,7,6,8
2050,1,79,6,3,9
2051,1,81,4,3,7
2052,1,40,3,6,19
2053,1,60,8,5,12
2054,1,62,16,2,4
2055,0,85,0,9,5
2056,0,141,5,11,6
2057,0,3,3,5,4
2058,0,147,2,6,12
2059,0,21,9,6,6
2060,0,43,1,7,15
2061,0,421,7,8,7
2062,0,777,9,5,3
2063,0,517,5,7,6
2064,0,21,2,6,8
2065,1,161,4,4,6
2066,1,141,12,7,9
2067,1,14,9,5,10
2068,1,12,2,2,19
2069,1,18,6,6,7
2070,0,120,5,12,11
2071,0,89,0,10,13
2072,0,31,4,9,4
2073,0,145,7,7,10
2074,0,61,8,9,8
2075,1,112,11,8,14
2076,1,58,4,3,17
2077,1,3,3,5,31
2078,1,104,20,2,12
2079,1,498,9,6,19
2080,0,51,8,5,2
2081,0,876,3,6,5
2082,0,68,1,4,3
2083,0,412,2,3,10
2084,0,246,5,8,7
2085,1,150,4,3,3
2086,1,236,7,5,7
2087,1,245,6,3,11
2088,1,111,0,3,10
2089,1,202,9,5,6
2090,0,15,11,11,14
2091,0,59,9,11,18
2092,0,147,1,12,14
2093,0,39,11,7,12
2094,0,24,10,8,9
2095,1,412,4,7,30
2096,1,246,5,12,13
2097,1,245,19,8,14
2098,1,222,15,7,19
2099,1,164,6,8,8
2100,0,91,11,11,3
2101,0,85,6,10,5
2102,0,2,11,11,8
2103,0,21,6,6,11
2104,0,117,2,10,19
2105,1,120,16,5,14
2106,1,235,10,9,22
2107,1,61,9,6,19
2108,1,222,2,11,22
2109,1,68,10,5,16
2110,0,141,3,5,6
2111,0,81,4,7,4
2112,0,126,2,10,2
2113,0,43,0,5,12
2114,0,68,8,3,3
2115,1,20,2,4,8
2116,1,37,2,4,15
2117,1,222,12,0,4
2118,1,517,7,6,4
2119,1,114,7,3,1
2120,1,517,4,1,12
2121,1,234,4,5,5
2122,1,18,11,3,7
2123,1,9,6,4,11
2124,1,555,3,9,7
2125,0,104,8,5,9
2126,0,21,3,4,8
2127,0,67,4,5,3
2128,0,20,5,9,8
2129,0,497,2,5,12
2130,1,150,2,2,6
2131,1,51,6,1,10
2132,1,79,5,2,8
2133,1,39,7,6,4
2134,1,9,4,2,8
2135,0,222,1,6,1
2136,0,25,0,5,5
2137,0,141,7,7,1
2138,0,517,2,5,3
2139,0,7,3,1,3
2140,0,74,1,5,0
2141,0,120,7,7,9
2142,0,79,5,5,2
2143,0,497,0,4,10
2144,0,18,4,6,5
2145,1,81,7,0,9
2146,1,876,2,5,14
2147,1,68,6,5,9
2148,1,12,3,4,16
2149,1,236,8,3,4
2150,1,497,0,4,12
2151,1,131,7,2,2
2152,1,81,0,5,5
2153,1,234,7,5,8
2154,1,48,3,4,4
2155,0,14,2,4,6
2156,0,235,4,3,5
2157,0,59,7,2,6
2158,0,69,5,6,3
2159,0,89,2,2,10
2160,0,150,5,6,12
2161,0,56,7,9,10
2162,0,76,9,10,7
2163,0,432,1,7,15
2164,0,202,6,10,8
2165,1,14,7,7,14
2166,1,523,10,7,13
2167,1,240,11,5,11
2168,1,412,4,2,26
2169,1,30,9,7,12
2170,1,3,1,5,25
2171,1,122,12,5,9
2172,1,432,5,4,26
2173,1,64,17,4,12
2174,1,81,8,5,8
2175,0,163,8,10,10
2176,0,222,5,8,5
2177,0,114,3,9,3
2178,0,246,6,7,6
2179,0,526,1,9,11
2180,1,38,4,2,11
2181,1,29,14,3,4
2182,1,412,5,1,17
2183,1,92,8,1,4
2184,1,104,6,1,12
2185,0,37,3,9,4
2186,0,203,2,7,0
2187,0,62,0,5,0
2188,0,15,2,9,4
2189,0,131,1,7,2
2190,0,36,0,3,1
2191,0,14,0,0,0
2192,0,29,1,3,1
2193,0,4,0,0,0
2194,0,53,1,2,0
2195,1,89,2,1,4
2196,1,203,3,0,2
2197,1,56,1,0,2
2198,1,145,2,1,3
2199,1,103,0,0,0
2200,1,523,5,5,10
2201,1,526,4,3,14
2202,1,76,13,1,9
2203,1,39,4,4,7
2204,1,14,1,4,0
2205,0,120,4,6,5
2206,0,4,5,6,4
2207,0,81,1,7,6
2208,0,412,2,6,6
2209,0,234,4,2,5
2210,0,157,7,7,5
2211,0,497,2,6,12
2212,0,68,2,2,5
2213,0,427,4,4,10
2214,0,235,2,8,7
2215,1,238,10,3,11
2216,1,526,0,5,14
2217,1,145,17,2,6
2218,1,4,0,4,10
2219,1,150,0,3,6
2220,0,104,6,6,5
2221,0,145,2,5,2
2222,0,89,1,8,6
2223,0,103,5,3,5
2224,0,72,2,2,4
2225,1,876,3,4,13
2226,1,79,5,3,6
2227,1,117,2,3,15
2228,1,222,7,3,9
2229,1,236,7,3,6
2230,1,234,11,10,7
2231,1,164,11,4,8
2232,1,43,2,5,32
2233,1,147,11,9,23
2234,1,54,7,7,18
2235,0,30,9,9,13
2236,0,81,10,12,13
2237,0,37,3,7,27
2238,0,86,6,7,9
2239,0,246,7,7,13
2240,1,99,6,1,11
2241,1,150,5,1,3
2242,1,2,5,3,11
2243,1,236,6,4,3
2244,1,37,0,6,16
2245,0,57,2,5,5
2246,0,142,4,6,5
2247,0,120,6,4,5
2248,0,235,2,4,10
2249,0,517,1,3,5
2250,0,235,2,7,9
2251,0,412,1,6,14
2252,0,18,9,6,7
2253,0,163,3,11,8
2254,0,58,6,4,3
2255,1,268,9,2,6
2256,1,110,9,4,14
2257,1,111,3,3,12
2258,1,107,9,7,9
2259,1,164,3,5,10
2260,0,235,2,3,2
2261,0,77,0,4,2
2262,0,150,2,6,3
2263,0,43,3,6,2
2264,0,37,1,8,2
2265,1,3,3,2,11
2266,1,517,7,1,11
2267,1,21,6,0,11
2268,1,36,7,3,8
2269,1,147,4,2,16
2270,0,85,1,6,7
2271,0,29,4,6,7
2272,0,238,9,4,4
2273,0,53,0,6,8
2274,0,141,4,6,2
2275,1,36,3,3,18
2276,1,40,2,4,18
2277,1,8,16,2,4
2278,1,147,3,3,21
2279,1,777,4,6,7
2280,0,203,6,7,6
2281,0,112,3,3,3
2282,0,29,3,8,6
2283,0,6,7,7,4
2284,0,497,2,10,9
2285,1,39,11,4,12
2286,1,517,11,3,8
2287,1,28,4,7,10
2288,1,14,3,3,12
2289,1,235,6,4,21
2290,1,222,11,2,6
2291,1,142,5,1,6
2292,1,201,0,3,17
2293,1,6,5,0,3
2294,1,56,5,2,8
2295,0,526,1,7,3
2296,0,76,3,3,3
2297,0,134,2,9,0
2298,0,18,2,6,3
2299,0,80,0,1,0
2300,0,497,0,2,3
2301,0,80,2,3,2
2302,0,13,2,1,2
2303,0,18,0,2,0
2304,0,104,1,2,3
2305,1,202,2,0,3
2306,1,254,0,3,5
2307,1,150,4,1,1
2308,1,517,4,1,3
2309,1,12,0,0,5
2310,0,30,2,4,6
2311,0,119,7,8,2
2312,0,234,4,8,6
2313,0,12,3,5,11
2314,0,254,5,8,8
2315,1,150,6,2,15
2316,1,18,4,2,6
2317,1,13,4,9,11
2318,1,432,2,6,18
2319,1,76,17,2,13
2320,0,120,0,0,0
2321,0,134,0,2,0
2322,0,85,1,1,0
2323,0,15,1,2,0
2324,0,12,0,4,1
2325,1,236,1,0,3
2326,1,79,1,1,5
2327,1,517,1,1,0
2328,1,81,5,0,1
2329,1,30,1,1,3
2330,1,523,19,6,13
2331,1,526,4,9,27
2332,1,120,10,4,21
2333,1,85,5,8,14
2334,1,777,10,5,10
2335,0,3,3,10,10
2336,0,79,5,9,14
2337,0,235,9,14,11
2338,0,223,2,12,17
2339,0,80,13,3,12
2340,0,76,2,6,1
2341,0,92,1,7,1
2342,0,222,1,4,3
2343,0,412,2,5,3
2344,0,238,1,3,1
2345,1,142,6,2,4
2346,1,202,3,2,4
2347,1,432,1,1,11
2348,1,120,7,1,10
2349,1,164,8,1,4
2350,1,21,11,1,4
2351,1,114,1,10,9
2352,1,147,3,5,11
2353,1,201,1,0,16
2354,1,104,8,3,7
2355,0,145,1,4,1
2356,0,141,13,6,3
2357,0,112,1,3,2
2358,0,516,4,6,9
2359,0,111,0,5,3
2360,1,245,3,3,4
2361,1,18,9,3,5
2362,1,45,1,4,8
2363,1,12,2,1,12
2364,1,58,3,4,4
2365,0,412,1,3,8
2366,0,876,8,4,2
2367,0,119,2,5,3
2368,0,164,3,2,3
2369,0,777,1,4,4
2370,1,79,3,1,1
2371,1,222,4,1,4
2372,1,421,3,2,0
2373,1,412,0,0,5
2374,1,517,2,1,8
2375,0,4,0,2,3
2376,0,64,2,2,2
2377,0,202,1,4,2
2378,0,267,1,2,2
2379,0,266,1,2,1
2380,1,121,6,2,11
2381,1,412,3,2,10
2382,1,164,5,2,1
2383,1,222,6,4,8
2384,1,105,4,0,4
2385,0,526,1,5,3
2386,0,120,5,5,3
2387,0,103,0,4,2
2388,0,150,0,5,2
2389,0,145,4,5,1
2390,0,12,1,7,6
2391,0,119,3,10,2
2392,0,112,6,4,1
2393,0,59,1,6,7
2394,0,236,1,8,4
2395,1,497,1,3,25
2396,1,79,7,3,7
2397,1,498,14,2,11
2398,1,245,9,1,12
2399,1,41,4,3,14
2400,0,76,1,6,3
2401,0,110,2,6,0
2402,0,117,0,3,2
2403,0,126,5,5,2
2404,0,18,2,5,0
2405,1,202,4,2,8
2406,1,150,2,3,4
2407,1,238,6,1,7
2408,1,245,8,4,6
2409,1,53,5,0,10
2410,0,131,8,4,2
2411,0,876,4,10,9
2412,0,150,3,10,6
2413,0,498,6,5,1
2414,0,57,1,15,8
2415,1,12,3,4,22
2416,1,67,13,6,7
2417,1,112,11,1,6
2418,1,28,13,6,13
2419,1,126,4,5,14
2420,0,163,1,3,3
2421,0,58,2,3,1
2422,0,875,1,4,1
2423,0,202,1,1,1
2424,0,497,1,4,3
2425,1,12,0,1,11
2426,1,104,3,0,5
2427,1,222,8,0,3
2428,1,72,1,3,3
2429,1,3,3,2,7
2430,0,526,1,7,13
2431,0,145,10,6,5
2432,0,103,3,4,6
2433,0,150,5,5,4
2434,0,77,2,8,13
2435,1,236,8,5,9
2436,1,98,4,6,14
2437,1,235,7,2,14
2438,1,412,2,5,18
2439,1,245,9,3,14
2440,0,58,9,7,4
2441,0,51,7,8,13
2442,0,163,15,6,13
2443,0,89,2,12,24
2444,0,240,3,8,11
2445,1,62,8,5,16
2446,1,876,5,10,20
2447,1,429,8,6,20
2448,1,875,8,9,20
2449,1,55,12,6,14
2450,1,79,3,1,8
2451,1,518,6,5,8
2452,1,203,9,3,5
2453,1,432,2,1,17
2454,1,91,7,5,4
2455,0,421,1,8,4
2456,0,777,2,2,3
2457,0,43,1,7,6
2458,0,412,1,4,10
2459,0,222,10,6,3
2460,1,61,1,0,6
2461,1,421,8,2,5
2462,1,517,5,0,4
2463,1,12,2,0,12
2464,1,202,3,0,6
2465,0,85,0,5,0
2466,0,72,0,4,1
2467,0,498,0,3,2
2468,0,134,1,3,0
2469,0,497,1,4,1
2470,0,421,7,8,7
2471,0,79,3,11,7
2472,0,51,4,9,11
2473,0,61,5,6,7
2474,0,266,6,5,6
2475,1,28,10,3,9
2476,1,4,7,5,18
2477,1,222,13,5,13
2478,1,14,5,5,10
2479,1,412,4,8,28
2480,1,89,2,1,7
2481,1,59,2,2,9
2482,1,39,7,0,5
2483,1,498,1,0,3
2484,1,518,3,0,3
2485,0,526,1,3,0
2486,0,875,1,4,1
2487,0,79,0,2,0
2488,0,30,1,4,1
2489,0,18,0,2,1
2490,0,79,4,9,19
2491,0,13,3,15,15
2492,0,37,0,7,27
2493,0,81,25,10,7
2494,0,18,7,9,14
2495,1,141,18,10,11
2496,1,350,4,6,36
2497,1,133,8,7,20
2498,1,222,13,10,15
2499,1,3,7,6,25
2500,0,51,4,7,8
2501,0,54,6,5,6
2502,0,245,5,8,7
2503,0,25,3,7,10
2504,0,56,8,12,11
2505,1,121,13,9,10
2506,1,875,2,2,9
2507,1,112,16,2,7
2508,1,111,2,5,19
2509,1,157,6,8,12
2510,1,120,16,4,12
2511,1,164,8,4,10
2512,1,40,2,2,30
2513,1,13,5,3,16
2514,1,222,10,5,11
2515,0,30,4,11,8
2516,0,67,3,10,4
2517,0,147,2,4,8
2518,0,114,6,8,1
2519,0,12,3,8,5
2520,0,69,6,8,6
2521,0,222,6,3,6
2522,0,58,3,7,7
2523,0,412,1,12,12
2524,0,59,5,6,11
2525,1,81,15,1,7
2526,1,497,0,7,20
2527,1,61,6,5,17
2528,1,516,6,5,16
2529,1,64,9,3,14
2530,1,18,7,3,5
2531,1,245,7,4,7
2532,1,134,3,3,7
2533,1,106,8,1,3
2534,1,12,0,2,12
2535,0,145,1,5,0
2536,0,142,3,3,3
2537,0,3,1,4,5
2538,0,64,6,7,3
2539,0,39,2,6,1
2540,1,14,2,2,12
2541,1,81,6,0,17
2542,1,203,7,7,13
2543,1,517,19,1,6
2544,1,78,1,2,17
2545,0,18,2,7,5
2546,0,240,2,7,1
2547,0,12,0,8,7
2548,0,236,5,7,3
2549,0,245,3,6,4
2550,1,526,3,7,13
2551,1,498,7,3,9
2552,1,236,5,7,10
2553,1,163,9,2,11
2554,1,80,11,7,9
2555,0,202,7,4,4
2556,0,39,7,9,2
2557,0,12,1,8,6
2558,0,245,9,6,8
2559,0,238,2,8,6
2560,0,121,5,7,3
2561,0,114,1,7,1
2562,0,412,0,8,6
2563,0,131,4,5,4
2564,0,222,1,5,4
2565,1,3,5,1,13
2566,1,39,11,3,3
2567,1,875,1,3,14
2568,1,245,6,1,5
2569,1,202,9,3,9
2570,0,875,1,10,10
2571,0,14,0,5,5
2572,0,134,3,9,4
2573,0,119,12,11,3
2574,0,245,6,10,3
2575,1,360,16,4,13
2576,1,56,4,4,12
2577,1,246,12,5,9
2578,1,43,1,5,18
2579,1,30,12,4,11
2580,1,12,1,3,21
2581,1,150,0,3,7
2582,1,421,14,1,8
2583,1,91,7,2,8
2584,1,50,15,3,9
2585,0,526,0,13,7
2586,0,147,2,10,8
2587,0,517,2,5,2
2588,0,35,3,4,3
2589,0,114,5,5,3
2590,0,103,1,8,6
2591,0,145,4,10,5
2592,0,245,5,8,5
2593,0,6,6,9,4
2594,0,89,0,7,13
2595,1,30,8,3,13
2596,1,161,12,1,12
2597,1,98,2,6,15
2598,1,526,2,4,22
2599,1,238,18,3,4
2600,1,30,7,1,7
2601,1,23,1,1,0
2602,1,91,13,2,4
2603,1,3,3,2,12
2604,1,202,1,2,3
2605,0,777,0,8,2
2606,0,412,0,5,5
2607,0,98,2,3,0
2608,0,876,3,5,0
2609,0,145,3,4,2
2610,0,80,18,5,5
2611,0,62,3,7,5
2612,0,43,2,4,17
2613,0,59,4,4,15
2614,0,36,5,6,14
2615,1,245,6,4,8
2616,1,81,7,6,5
2617,1,238,6,9,5
2618,1,23,6,5,1
2619,1,412,1,8,5
2620,0,67,8,7,2
2621,0,103,1,9,10
2622,0,85,2,5,5
2623,0,59,5,3,7
2624,0,61,1,5,7
2625,1,120,8,2,14
2626,1,69,14,3,5
2627,1,12,1,3,14
2628,1,122,1,5,4
2629,1,18,5,4,7
2630,1,150,7,2,7
2631,1,126,18,5,13
2632,1,60,10,5,13
2633,1,15,6,5,18
2634,1,412,4,8,28
2635,0,39,1,7,2
2636,0,12,4,10,9
2637,0,145,6,10,8
2638,0,245,6,9,4
2639,0,131,8,9,5
2640,0,412,1,4,4
2641,0,104,3,2,2
2642,0,13,1,6,1
2643,0,81,4,4,1
2644,0,126,0,6,3
2645,1,39,10,3,0
2646,1,51,3,1,6
2647,1,79,4,2,3
2648,1,25,1,2,8
2649,1,203,4,1,2
2650,0,497,0,5,6
2651,0,81,3,4,2
2652,0,76,4,3,2
2653,0,126,1,7,1
2654,0,91,3,4,4
2655,1,555,2,1,7
2656,1,21,3,2,4
2657,1,245,5,2,9
2658,1,13,4,4,6
2659,1,107,9,2,3
2660,0,24,5,8,2
2661,0,245,6,6,4
2662,0,105,4,6,4
2663,0,202,2,4,6
2664,0,12,1,9,10
2665,1,54,5,2,12
2666,1,236,10,5,8
2667,1,235,0,4,19
2668,1,203,10,5,10
2669,1,61,8,2,12
2670,0,120,6,5,8
2671,0,164,6,5,3
2672,0,53,0,8,12
2673,0,13,7,6,12
2674,0,145,8,3,12
2675,1,39,14,4,3
2676,1,21,4,9,6
2677,1,43,1,5,16
2678,1,3,1,6,13
2679,1,36,7,4,5
2680,0,150,4,8,3
2681,0,876,0,4,5
2682,0,777,2,5,1
2683,0,43,2,3,7
2684,0,67,3,6,3
2685,1,360,6,2,9
2686,1,245,11,2,6
2687,1,246,4,4,7
2688,1,37,3,2,18
2689,1,72,2,1,16
2690,1,238,17,10,6
2691,1,33,12,5,20
2692,1,145,12,7,13
2693,1,72,8,6,14
2694,1,53,6,7,18
2695,0,245,15,8,13
2696,0,67,12,9,11
2697,0,114,3,13,8
2698,0,234,5,16,10
2699,0,25,0,9,21
2700,1,238,4,4,5
2701,1,24,2,2,8
2702,1,236,7,3,7
2703,1,147,1,2,14
2704,1,245,9,0,9
2705,0,72,1,6,5
2706,0,51,6,3,3
2707,0,117,0,5,9
2708,0,38,3,6,5
2709,0,141,1,3,6
2710,1,53,1,5,10
2711,1,145,9,1,4
2712,1,79,3,7,13
2713,1,122,6,5,6
2714,1,245,15,4,10
2715,0,412,1,4,12
2716,0,235,5,7,8
2717,0,236,2,10,10
2718,0,30,8,6,7
2719,0,24,6,7,5
2720,0,412,0,10,7
2721,0,131,1,5,2
2722,0,104,8,3,1
2723,0,62,6,5,6
2724,0,81,3,8,4
2725,1,42,7,6,5
2726,1,126,3,5,9
2727,1,12,3,3,20
2728,1,18,10,3,13
2729,1,76,8,1,10
2730,1,245,14,2,8
2731,1,202,4,3,10
2732,1,12,1,3,19
2733,1,134,4,5,11
2734,1,236,11,5,3
2735,0,876,6,5,5
2736,0,39,6,7,3
2737,0,62,4,9,2
2738,0,79,1,5,6
2739,0,429,1,8,3
2740,0,51,8,5,2
2741,0,876,3,6,5
2742,0,68,1,4,3
2743,0,412,2,3,10
2744,0,246,5,8,7
2745,1,150,4,3,3
2746,1,236,7,5,7
2747,1,245,6,3,11
2748,1,111,0,3,10
2749,1,202,9,5,6
2750,0,15,11,11,14
2751,0,59,9,11,18
2752,0,147,1,12,14
2753,0,39,11,7,12
2754,0,24,10,8,9
2755,1,412,4,7,30
2756,1,246,5,12,13
2757,1,245,19,8,14
2758,1,222,15,7,19
2759,1,164,6,8,8
2760,0,15,6,5,7
2761,0,412,2,5,7
2762,0,245,5,6,1
2763,0,266,3,10,3
2764,0,131,1,10,3
2765,1,9,4,3,9
2766,1,555,5,4,12
2767,1,18,7,6,4
2768,1,38,11,0,10
2769,1,126,9,4,6
2770,0,59,1,4,4
2771,0,105,4,1,1
2772,0,79,0,2,4
2773,0,110,3,5,0
2774,0,43,0,3,5
2775,1,412,3,1,7
2776,1,77,2,2,5
2777,1,75,1,2,5
2778,1,18,6,1,5
2779,1,39,3,2,4
2780,0,131,3,5,3
2781,0,141,10,6,5
2782,0,164,4,2,5
2783,0,145,7,6,8
2784,0,53,2,3,14
2785,1,24,5,4,8
2786,1,59,9,3,9
2787,1,147,2,7,8
2788,1,498,4,7,8
2789,1,117,1,5,14
2790,1,526,0,6,9
2791,1,145,11,2,3
2792,1,59,7,4,6
2793,1,150,3,4,8
2794,1,43,2,2,13
2795,0,202,1,2,9
2796,0,56,5,5,3
2797,0,147,1,5,7
2798,0,35,7,5,3
2799,0,236,4,6,8
2800,0,31,3,7,1
2801,0,777,4,3,4
2802,0,360,3,8,1
2803,0,245,1,5,7
2804,0,350,1,6,7
2805,1,147,2,1,19
2806,1,235,8,1,13
2807,1,35,6,2,9
2808,1,157,5,4,4
2809,1,122,8,4,6
2810,1,14,10,4,5
2811,1,62,7,1,11
2812,1,30,3,3,9
2813,1,29,17,4,2
2814,1,80,5,3,16
2815,0,82,5,12,2
2816,0,245,6,9,2
2817,0,101,2,6,3
2818,0,432,2,5,5
2819,0,235,0,10,3
2820,1,157,6,3,12
2821,1,266,14,1,7
2822,1,18,8,4,7
2823,1,79,3,4,9
2824,1,35,3,3,12
2825,0,523,4,6,3
2826,0,245,6,6,3
2827,0,14,1,4,2
2828,0,875,2,10,3
2829,0,58,2,8,2
2830,1,245,10,3,10
2831,1,145,11,5,14
2832,1,62,9,1,9
2833,1,4,5,3,11
2834,1,432,5,5,18
2835,0,126,5,6,2
2836,0,31,3,8,3
2837,0,876,3,6,7
2838,0,81,5,11,7
2839,0,147,1,9,13
2840,1,150,7,9,16
2841,1,246,14,6,8
2842,1,67,8,7,11
2843,1,235,8,5,22
2844,1,79,4,7,16
2845,0,245,5,6,8
2846,0,526,0,9,24
2847,0,18,17,9,7
2848,0,164,6,6,11
2849,0,39,6,11,5
2850,0,126,3,6,5
2851,0,18,1,5,1
2852,0,245,6,6,1
2853,0,117,0,6,4
2854,0,4,1,2,3
2855,1,150,3,4,2
2856,1,517,8,2,3
2857,1,267,1,3,15
2858,1,145,9,0,6
2859,1,77,4,2,10
2860,1,203,9,5,8
2861,1,517,4,3,9
2862,1,85,5,5,11
2863,1,67,11,1,6
2864,1,89,1,4,9
2865,0,23,6,7,3
2866,0,147,0,4,8
2867,0,497,1,3,11
2868,0,236,6,10,6
2869,0,104,5,6,4
2870,1,53,2,5,16
2871,1,18,6,4,9
2872,1,59,5,5,11
2873,1,23,7,2,7
2874,1,85,7,6,7
2875,0,12,1,3,16
2876,0,51,4,5,11
2877,0,421,2,9,10
2878,0,24,10,3,5
2879,0,164,5,7,5
2880,1,18,8,6,11
2881,1,79,6,4,20
2882,1,80,12,5,5
2883,1,245,13,4,10
2884,1,89,2,8,12
2885,0,202,7,7,13
2886,0,28,9,10,6
2887,0,142,5,8,7
2888,0,53,2,7,17
2889,0,78,4,9,10
2890,1,777,7,0,7
2891,1,53,2,2,14
2892,1,92,8,2,2
2893,1,76,9,0,12
2894,1,119,6,7,10
2895,0,23,1,7,2
2896,0,202,3,4,6
2897,0,3,1,6,3
2898,0,245,5,9,5
2899,0,89,1,6,6
2900,0,777,0,7,5
2901,0,412,1,4,3
2902,0,18,4,2,0
2903,0,245,4,6,4
2904,0,164,3,5,3
2905,1,13,4,5,12
2906,1,147,3,0,7
2907,1,64,10,3,6
2908,1,43,2,3,9
2909,1,150,5,1,10
2910,1,81,6,1,6
2911,1,126,4,0,3
2912,1,142,7,0,4
2913,1,89,4,1,8
2914,1,76,5,3,7
2915,0,235,3,6,2
2916,0,777,1,6,1
2917,0,79,1,4,2
2918,0,245,0,7,1
2919,0,85,0,3,0
2920,0,89,2,2,6
2921,0,21,2,4,7
2922,0,421,8,9,5
2923,0,69,6,5,2
2924,0,42,6,8,8
2925,1,22,3,1,9
2926,1,245,7,1,13
2927,1,26,4,7,13
2928,1,246,8,9,10
2929,1,79,6,6,9
2930,0,14,2,6,8
2931,0,79,4,7,12
2932,0,235,2,11,15
2933,0,91,11,6,1
2934,0,43,6,7,12
2935,1,80,5,7,20
2936,1,13,12,5,10
2937,1,81,16,4,9
2938,1,59,4,3,24
2939,1,432,0,6,27
2940,1,518,7,9,12
2941,1,60,8,6,11
2942,1,81,25,6,9
2943,1,58,9,3,10
2944,1,412,2,6,27
2945,0,516,2,10,7
2946,0,112,12,6,5
2947,0,222,9,13,11
2948,0,117,3,8,17
2949,0,30,4,14,7
2950,1,245,12,3,7
2951,1,164,5,3,8
2952,1,142,7,7,11
2953,1,147,5,3,18
2954,1,235,5,6,17
2955,0,67,5,4,5
2956,0,555,1,12,4
2957,0,39,6,6,1
2958,0,517,5,5,4
2959,0,145,5,7,2
2960,0,33,3,9,5
2961,0,43,3,5,6
2962,0,103,2,5,3
2963,0,22,5,5,6
2964,0,53,2,6,8
2965,1,235,8,3,13
2966,1,147,6,7,9
2967,1,157,4,1,4
2968,1,245,7,0,13
2969,1,10,5,4,8
2970,1,432,1,2,8
2971,1,103,3,2,3
2972,1,81,6,2,5
2973,1,39,6,4,4
2974,1,245,2,0,6
2975,0,412,1,5,4
2976,0,112,1,2,2
2977,0,523,4,3,1
2978,0,64,1,2,2
2979,0,120,3,6,0
2980,1,12,0,4,16
2981,1,147,3,2,11
2982,1,245,4,5,9
2983,1,777,8,5,9
2984,1,24,5,6,7
2985,0,53,1,4,12
2986,0,104,5,4,10
2987,0,99,7,7,7
2988,0,360,5,3,6
2989,0,39,4,2,6
2990,0,145,5,10,15
2991,0,74,14,9,3
2992,0,121,8,12,5
2993,0,412,1,11,15
2994,0,112,4,10,13
2995,1,53,4,10,19
2996,1,120,11,4,17
2997,1,79,8,7,14
2998,1,268,14,5,7
2999,1,429,15,6,12
3000,0,236,2,5,0
3001,0,64,5,6,1
3002,0,96,1,4,5
3003,0,31,0,5,1
3004,0,117,1,4,5
3005,1,222,2,1,12
3006,1,92,7,3,2
3007,1,120,5,2,13
3008,1,105,9,1,6
3009,1,526,1,2,12
3010,1,145,4,3,4
3011,1,37,1,3,7
3012,1,56,7,7,4
3013,1,142,4,2,5
3014,1,2,3,2,5
3015,0,68,4,3,4
3016,0,81,5,3,3
3017,0,147,1,5,7
3018,0,203,4,2,5
3019,0,6,3,6,3
3020,0,38,0,7,0
3021,0,350,1,2,4
3022,0,222,1,4,3
3023,0,150,1,3,4
3024,0,113,3,1,2
3025,1,64,4,1,6
3026,1,432,2,2,9
3027,1,498,8,1,2
3028,1,34,3,0,6
3029,1,126,0,2,2
3030,0,497,0,3,3
3031,0,266,0,6,2
3032,0,121,4,4,0
3033,0,498,2,4,1
3034,0,517,0,2,1
3035,1,89,1,1,11
3036,1,62,4,2,5
3037,1,555,4,1,4
3038,1,236,4,1,1
3039,1,30,6,1,7
3040,0,50,2,4,3
3041,0,432,1,6,8
3042,0,236,2,5,2
3043,0,7,7,1,3
3044,0,24,3,4,2
3045,1,222,4,2,5
3046,1,18,3,6,9
3047,1,25,1,4,9
3048,1,6,2,3,8
3049,1,245,10,0,6
3050,0,76,5,1,2
3051,0,57,0,5,4
3052,0,15,4,3,0
3053,0,238,1,1,2
3054,0,150,0,1,2
3055,1,246,1,4,2
3056,1,876,0,2,3
3057,1,99,4,2,3
3058,1,51,4,1,2
3059,1,240,1,1,1
3060,1,876,3,2,9
3061,1,143,7,2,5
3062,1,235,1,3,11
3063,1,240,1,1,6
3064,1,203,5,0,1
3065,0,202,1,6,4
3066,0,120,4,3,0
3067,0,150,1,4,0
3068,0,53,2,2,3
3069,0,50,0,2,1
3070,0,876,2,6,3
3071,0,14,2,3,5
3072,0,245,1,8,2
3073,0,222,4,3,2
3074,0,43,1,1,8
3075,1,164,6,3,4
3076,1,50,0,3,8
3077,1,421,8,2,10
3078,1,3,6,0,9
3079,1,15,1,2,6
3080,1,104,3,4,17
3081,1,497,2,5,25
3082,1,3,11,4,16
3083,1,222,12,6,16
3084,1,6,6,4,10
3085,0,412,1,10,19
3086,0,523,10,11,4
3087,0,28,8,4,7
3088,0,114,3,5,6
3089,0,147,1,4,12
3090,0,150,1,6,4
3091,0,222,0,2,3
3092,0,12,1,5,3
3093,0,79,1,4,5
3094,0,131,5,6,1
3095,1,141,9,4,4
3096,1,43,2,1,10
3097,1,3,6,1,13
3098,1,75,1,2,8
3099,1,15,5,0,5
3100,1,517,11,3,11
3101,1,107,13,2,6
3102,1,21,5,2,8
3103,1,12,1,4,18
3104,1,43,3,0,20
3105,0,56,3,11,3
3106,0,113,1,8,5
3107,0,145,3,4,3
3108,0,79,1,5,5
3109,0,164,3,5,2
3110,0,777,1,0,2
3111,0,76,2,1,1
3112,0,145,1,6,0
3113,0,103,0,9,3
3114,0,58,1,4,1
3115,1,16,0,1,14
3116,1,120,3,0,3
3117,1,99,2,2,4
3118,1,360,12,0,4
3119,1,150,3,2,3
3120,0,777,1,5,1
3121,0,6,3,5,1
3122,0,28,1,4,9
3123,0,429,8,5,3
3124,0,3,1,6,7
3125,1,43,3,5,12
3126,1,150,4,2,8
3127,1,147,5,3,14
3128,1,234,7,3,5
3129,1,112,6,1,9
3130,0,120,4,8,3
3131,0,12,1,9,7
3132,0,516,0,4,2
3133,0,112,1,6,2
3134,0,18,6,4,1
3135,1,77,3,0,18
3136,1,22,7,4,11
3137,1,3,7,2,11
3138,1,51,7,4,11
3139,1,164,7,2,4
3140,1,107,13,7,10
3141,1,222,4,7,16
3142,1,75,12,5,3
3143,1,526,5,12,17
3144,1,7,9,4,13
3145,0,120,9,11,16
3146,0,412,1,10,22
3147,0,523,18,10,12
3148,0,14,5,4,17
3149,0,427,2,8,17
3150,1,777,6,2,1
3151,1,77,4,5,10
3152,1,150,7,5,6
3153,1,119,10,2,8
3154,1,201,1,3,16
3155,0,121,4,5,7
3156,0,13,6,3,5
3157,0,145,2,5,7
3158,0,111,3,7,8
3159,0,56,2,8,5
3160,1,67,3,2,6
3161,1,56,6,5,8
3162,1,76,8,1,10
3163,1,92,9,4,5
3164,1,53,3,2,17
3165,0,6,4,6,2
3166,0,777,1,3,1
3167,0,245,4,7,5
3168,0,81,5,5,4
3169,0,111,0,8,7
3170,1,777,10,1,4
3171,1,60,4,6,6
3172,1,53,0,3,8
3173,1,54,4,1,7
3174,1,145,6,1,2
3175,0,8,1,5,2
3176,0,15,1,4,6
3177,0,27,3,6,2
3178,0,43,3,3,5
3179,0,2,4,6,2
3180,0,145,7,4,2
3181,0,6,5,4,3
3182,0,412,1,3,10
3183,0,141,3,5,6
3184,0,69,3,7,3
3185,1,777,6,5,5
3186,1,526,2,5,9
3187,1,61,5,2,16
3188,1,222,6,5,8
3189,1,876,4,2,7
3190,0,53,0,6,17
3191,0,1,4,9,11
3192,0,145,4,7,8
3193,0,150,6,5,9
3194,0,104,13,7,9
3195,1,526,2,9,24
3196,1,36,6,4,17
3197,1,41,3,5,11
3198,1,202,11,6,15
3199,1,268,12,3,10
3200,0,76,4,3,8
3201,0,106,4,3,7
3202,0,145,6,6,4
3203,0,80,4,10,10
3204,0,4,3,5,6
3205,1,12,4,4,14
3206,1,777,9,3,5
3207,1,30,7,8,6
3208,1,150,0,1,8
3209,1,498,7,5,12
3210,0,112,4,3,7
3211,0,117,0,5,14
3212,0,145,7,5,7
3213,0,150,3,6,2
3214,0,59,4,3,6
3215,1,61,2,3,4
3216,1,421,5,6,3
3217,1,43,5,4,9
3218,1,54,3,1,6
3219,1,523,7,4,11
3220,0,77,4,3,9
3221,0,85,12,3,6
3222,0,236,4,8,10
3223,0,15,1,6,14
3224,0,526,5,9,9
3225,1,150,4,5,4
3226,1,61,2,4,10
3227,1,67,13,6,9
3228,1,43,4,5,17
3229,1,86,6,6,8
3230,1,2,6,1,9
3231,1,222,5,1,7
3232,1,876,6,1,9
3233,1,43,0,2,13
3234,1,234,6,3,8
3235,0,4,2,6,1
3236,0,6,1,4,0
3237,0,421,0,6,2
3238,0,523,2,4,2
3239,0,412,2,3,3
3240,0,145,16,7,3
3241,0,121,6,5,5
3242,0,134,3,8,8
3243,0,56,1,10,7
3244,0,53,0,7,18
3245,1,254,11,8,8
3246,1,24,15,0,9
3247,1,12,2,7,23
3248,1,61,5,5,12
3249,1,18,4,6,14
3250,1,876,7,3,4
3251,1,432,1,3,20
3252,1,75,1,0,5
3253,1,15,13,1,12
3254,1,517,10,4,10
3255,0,18,3,10,5
3256,0,141,5,5,2
3257,0,4,1,6,2
3258,0,150,0,5,1
3259,0,497,2,6,4
3260,0,27,5,4,4
3261,0,41,0,7,2
3262,0,147,0,3,8
3263,0,77,4,7,5
3264,0,18,2,5,5
3265,1,3,6,3,10
3266,1,58,4,2,14
3267,1,432,2,4,14
3268,1,51,5,2,7
3269,1,876,9,0,9
3270,1,3,10,11,23
3271,1,39,9,8,15
3272,1,33,20,9,19
3273,1,147,11,5,24
3274,1,26,2,7,26
3275,0,2,9,11,10
3276,0,412,6,9,18
3277,0,50,5,8,22
3278,0,236,13,11,7
3279,0,82,7,13,7
3280,1,30,7,5,12
3281,1,24,4,1,1
3282,1,43,3,3,15
3283,1,246,7,4,3
3284,1,876,5,4,9
3285,0,64,5,6,1
3286,0,89,0,5,11
3287,0,6,2,4,3
3288,0,429,5,7,2
3289,0,517,5,4,5
3290,1,80,8,10,10
3291,1,526,1,5,18
3292,1,21,9,3,14
3293,1,82,7,1,13
3294,1,120,6,4,15
3295,0,24,3,7,8
3296,0,268,2,5,10
3297,0,3,5,6,13
3298,0,121,9,5,8
3299,0,6,4,8,3
3300,1,245,7,0,8
3301,1,15,1,1,8
3302,1,57,1,2,8
3303,1,6,8,0,4
3304,1,432,0,2,15
3305,0,67,4,4,0
3306,0,12,1,3,3
3307,0,150,0,3,0
3308,0,68,0,5,2
3309,0,876,0,2,4
3310,1,526,1,3,19
3311,1,876,10,6,6
3312,1,150,5,5,7
3313,1,145,5,3,16
3314,1,76,7,3,13
3315,0,6,6,4,4
3316,0,18,5,5,4
3317,0,134,4,4,4
3318,0,2,3,10,6
3319,0,12,1,5,12
3320,1,2,9,5,12
3321,1,202,5,2,8
3322,1,27,6,2,2
3323,1,12,2,3,15
3324,1,112,6,3,8
3325,0,236,6,8,2
3326,0,81,3,5,4
3327,0,13,2,4,2
3328,0,79,1,6,5
3329,0,245,2,5,8
3330,1,28,10,1,3
3331,1,62,0,1,5
3332,1,222,3,3,4
3333,1,18,2,2,1
3334,1,412,2,2,8
3335,0,12,3,3,3
3336,0,72,1,2,5
3337,0,523,3,5,2
3338,0,41,2,5,0
3339,0,777,0,2,4
3340,1,131,8,4,7
3341,1,114,4,5,6
3342,1,30,11,2,12
3343,1,18,4,7,7
3344,1,12,1,3,14
3345,0,39,2,7,1
3346,0,498,8,4,3
3347,0,89,2,7,7
3348,0,24,2,5,7
3349,0,28,7,5,2
3350,0,51,0,2,0
3351,0,163,0,4,0
3352,0,412,0,2,0
3353,0,58,2,6,0
3354,0,112,1,4,0
3355,1,53,2,0,3
3356,1,145,2,0,1
3357,1,27,6,0,3
3358,1,120,6,2,2
3359,1,92,2,1,4
3360,0,40,3,4,7
3361,0,81,1,3,2
3362,0,421,9,8,2
3363,0,79,1,7,7
3364,0,234,2,5,5
3365,1,245,5,5,8
3366,1,145,4,3,8
3367,1,27,4,4,7
3368,1,121,12,2,6
3369,1,412,2,3,13
3370,1,41,2,1,12
3371,1,142,6,3,5
3372,1,147,3,3,18
3373,1,432,2,2,22
3374,1,2,14,4,7
3375,0,99,4,4,6
3376,0,53,1,8,6
3377,0,14,0,3,5
3378,0,120,5,5,4
3379,0,222,3,7,4
3380,1,6,2,3,5
3381,1,12,0,0,7
3382,1,163,5,1,8
3383,1,235,5,1,4
3384,1,131,5,0,6
3385,0,126,3,4,0
3386,0,110,0,3,0
3387,0,203,2,2,1
3388,0,517,0,5,3
3389,0,147,0,3,2
3390,1,412,1,3,13
3391,1,4,3,2,13
3392,1,222,12,2,8
3393,1,421,10,2,10
3394,1,150,3,4,7
3395,0,432,1,6,8
3396,0,142,1,5,5
3397,0,51,7,5,3
3398,0,59,2,8,5
3399,0,58,2,5,2
3400,0,150,2,4,7
3401,0,163,2,5,2
3402,0,147,0,10,8
3403,0,39,5,6,5
3404,0,202,5,3,4
3405,1,43,0,4,15
3406,1,236,8,4,9
3407,1,876,8,3,8
3408,1,45,6,1,11
3409,1,6,6,2,2
3410,0,104,4,4,3
3411,0,92,3,5,1
3412,0,85,4,8,2
3413,0,222,1,4,4
3414,0,412,1,6,7
3415,1,117,3,4,10
3416,1,81,7,3,8
3417,1,432,2,2,18
3418,1,27,3,1,5
3419,1,64,12,3,3
3420,0,64,10,6,5
3421,0,516,2,4,7
3422,0,145,5,6,8
3423,0,526,1,8,11
3424,0,13,0,9,7
3425,1,6,6,2,14
3426,1,90,4,4,18
3427,1,40,1,2,20
3428,1,11,20,5,4
3429,1,50,2,5,23
3430,0,61,1,6,1
3431,0,41,2,4,1
3432,0,43,0,2,1
3433,0,28,1,5,1
3434,0,202,0,2,0
3435,1,117,0,0,12
3436,1,103,4,1,7
3437,1,51,1,1,6
3438,1,150,5,0,7
3439,1,421,9,2,4
3440,1,33,3,2,4
3441,1,43,1,2,8
3442,1,6,5,4,4
3443,1,412,0,5,10
3444,1,222,6,4,4
3445,0,876,5,1,9
3446,0,18,7,4,4
3447,0,114,2,2,7
3448,0,432,2,4,13
3449,0,147,1,4,13
3450,1,6,7,3,4
3451,1,57,3,6,6
3452,1,145,12,2,2
3453,1,33,5,1,6
3454,1,142,3,4,9
3455,0,64,3,7,3
3456,0,82,0,6,0
3457,0,7,4,5,3
3458,0,18,7,6,1
3459,0,432,2,6,10
3460,0,203,1,0,2
3461,0,78,1,4,2
3462,0,6,2,1,0
3463,0,7,1,6,3
3464,0,555,0,3,0
3465,1,145,1,0,1
3466,1,875,4,0,2
3467,1,432,1,2,7
3468,1,38,5,2,5
3469,1,876,3,1,5
3470,1,53,2,8,12
3471,1,238,6,7,6
3472,1,115,4,3,10
3473,1,104,4,3,7
3474,1,82,13,2,3
3475,0,3,7,7,9
3476,0,120,6,7,9
3477,0,147,2,3,16
3478,0,164,7,9,6
3479,0,111,1,3,13
3480,1,117,1,2,8
3481,1,67,10,2,5
3482,1,201,0,1,13
3483,1,876,5,1,6
3484,1,92,2,1,3
3485,0,142,2,1,0
3486,0,18,2,4,2
3487,0,412,1,7,0
3488,0,6,2,4,1
3489,0,2,0,2,1
3490,1,81,9,6,7
3491,1,43,2,6,17
3492,1,6,7,7,5
3493,1,61,6,3,11
3494,1,48,3,0,19
3495,0,3,1,3,8
3496,0,235,6,8,9
3497,0,223,1,6,13
3498,0,39,10,4,3
3499,0,64,4,6,6
3500,0,246,8,4,1
3501,0,40,0,8,6
3502,0,21,1,7,2
3503,0,11,4,5,2
3504,0,85,0,8,5
3505,1,18,8,3,6
3506,1,9,5,2,9
3507,1,54,6,4,7
3508,1,111,1,2,16
3509,1,120,12,2,8
3510,1,103,13,4,12
3511,1,497,2,5,24
3512,1,498,9,5,7
3513,1,14,4,3,11
3514,1,421,14,10,7
3515,0,18,8,9,11
3516,0,6,4,9,6
3517,0,235,6,7,15
3518,0,28,9,6,10
3519,0,236,0,11,4
3520,0,126,5,7,9
3521,0,72,4,9,17
3522,0,51,13,8,13
3523,0,412,1,6,26
3524,0,61,8,5,16
3525,1,9,6,8,18
3526,1,236,7,4,8
3527,1,112,11,6,12
3528,1,145,9,5,13
3529,1,111,2,8,17
3530,1,235,5,2,14
3531,1,120,13,3,6
3532,1,15,3,3,10
3533,1,79,3,1,8
3534,1,43,3,2,11
3535,0,81,5,8,3
3536,0,77,0,6,4
3537,0,876,2,8,2
3538,0,497,0,4,3
3539,0,4,4,1,2
3540,1,254,5,2,10
3541,1,25,0,5,19
3542,1,236,14,1,6
3543,1,82,4,3,2
3544,1,51,4,1,12
3545,0,412,1,7,3
3546,0,245,4,6,5
3547,0,75,2,5,3
3548,0,498,2,4,3
3549,0,104,3,5,4
3550,1,145,12,1,8
3551,1,54,2,2,7
3552,1,7,15,2,7
3553,1,2,6,2,15
3554,1,53,1,2,14
3555,0,222,3,5,1
3556,0,112,0,7,2
3557,0,141,3,8,2
3558,0,20,3,8,4
3559,0,412,0,8,2
3560,0,412,1,2,13
3561,0,38,3,9,10
3562,0,20,4,9,8
3563,0,222,6,9,5
3564,0,150,7,8,5
3565,1,56,10,4,14
3566,1,61,6,4,8
3567,1,875,3,2,17
3568,1,145,11,3,10
3569,1,39,6,8,8
3570,1,30,1,2,12
3571,1,40,0,4,15
3572,1,18,18,2,0
3573,1,85,5,3,7
3574,1,235,1,3,14
3575,0,57,4,7,2
3576,0,16,3,4,5
3577,0,117,1,3,8
3578,0,523,3,5,3
3579,0,121,3,6,4
3580,0,18,5,4,1
3581,0,62,0,4,2
3582,0,16,0,4,0
3583,0,76,0,5,1
3584,0,12,1,3,5
3585,1,145,2,2,5
3586,1,120,10,0,6
3587,1,26,1,2,7
3588,1,126,2,1,8
3589,1,1,5,1,7
3590,0,79,2,4,1
3591,0,104,2,5,3
3592,0,517,5,3,1
3593,0,202,2,3,2
3594,0,25,0,6,5
3595,1,89,0,2,10
3596,1,235,5,1,4
3597,1,150,9,2,2
3598,1,64,5,3,7
3599,1,7,2,3,1
3600,0,120,3,5,1
3601,0,164,2,8,4
3602,0,202,3,6,1
3603,0,111,0,7,4
3604,0,131,2,2,3
3605,1,62,5,3,8
3606,1,25,4,1,15
3607,1,3,3,1,18
3608,1,51,7,2,6
3609,1,76,9,3,4
3610,0,876,3,3,1
3611,0,164,2,4,1
3612,0,432,1,2,2
3613,0,14,1,3,1
3614,0,81,1,4,3
3615,1,235,1,0,10
3616,1,61,3,2,6
3617,1,222,3,3,3
3618,1,85,2,2,4
3619,1,120,7,1,2
3620,1,245,8,0,4
3621,1,6,5,2,2
3622,1,14,3,1,7
3623,1,235,7,1,8
3624,1,61,1,2,6
3625,0,223,1,5,0
3626,0,518,1,5,2
3627,0,222,0,6,1
3628,0,421,3,5,1
3629,0,38,1,3,0
3630,1,497,2,5,10
3631,1,86,2,6,4
3632,1,245,6,3,10
3633,1,777,7,8,5
3634,1,222,5,3,11
3635,0,523,2,3,10
3636,0,235,0,5,16
3637,0,13,12,5,2
3638,0,104,3,6,9
3639,0,79,8,3,7
3640,1,23,3,3,2
3641,1,147,2,3,10
3642,1,12,1,3,14
3643,1,245,6,4,5
3644,1,120,14,1,5
3645,0,21,2,5,4
3646,0,101,2,4,5
3647,0,33,2,7,6
3648,0,412,1,4,8
3649,0,64,7,6,5
3650,0,26,1,4,5
3651,0,121,10,6,4
3652,0,4,1,8,4
3653,0,81,1,4,7
3654,0,164,5,6,5
3655,1,145,4,4,2
3656,1,203,8,2,3
3657,1,24,5,6,4
3658,1,131,11,2,3
3659,1,12,0,4,11
3660,1,112,10,1,7
3661,1,235,5,1,12
3662,1,203,7,3,4
3663,1,223,3,2,6
3664,1,23,2,1,4
3665,0,412,0,7,2
3666,0,222,1,4,2
3667,0,78,3,4,1
3668,0,131,4,6,2
3669,0,876,0,6,4
3670,1,777,8,2,7
3671,1,876,7,3,14
3672,1,56,6,1,6
3673,1,147,2,1,10
3674,1,40,3,3,16
3675,0,517,4,7,3
3676,0,76,4,5,5
3677,0,14,0,4,3
3678,0,498,0,5,1
3679,0,497,2,6,5
3680,0,77,0,0,0
3681,0,497,0,0,0
3682,0,61,0,0,0
3683,0,21,0,0,0
3684,0,164,0,0,0
3685,1,777,0,0,0
3686,1,147,0,0,0
3687,1,58,0,0,0
3688,1,76,0,0,0
3689,1,235,0,0,0
3690,1,79,3,5,15
3691,1,142,10,3,4
3692,1,876,3,5,12
3693,1,222,6,3,12
3694,1,164,12,2,9
3695,0,64,6,6,9
3696,0,134,1,8,4
3697,0,39,4,9,3
3698,0,50,3,5,5
3699,0,51,4,6,5
3700,0,13,6,6,2
3701,0,41,2,4,1
3702,0,222,3,4,3
3703,0,104,2,4,5
3704,0,412,0,4,9
3705,1,150,6,4,6
3706,1,117,3,3,11
3707,1,235,3,3,13
3708,1,79,2,1,4
3709,1,120,8,2,9
3710,1,60,6,0,4
3711,1,98,3,1,4
3712,1,777,1,3,4
3713,1,12,0,1,11
3714,1,202,5,0,6
3715,0,104,0,3,2
3716,0,164,1,2,0
3717,0,112,3,2,0
3718,0,81,1,3,0
3719,0,497,0,5,1
3720,1,114,7,3,6
3721,1,3,2,2,18
3722,1,26,4,1,21
3723,1,203,7,1,12
3724,1,145,14,7,7
3725,0,222,4,8,7
3726,0,150,1,7,3
3727,0,68,4,7,5
3728,0,72,2,5,7
3729,0,526,3,7,8
3730,1,53,1,5,18
3731,1,203,11,7,11
3732,1,131,8,5,6
3733,1,51,18,3,8
3734,1,14,2,7,17
3735,0,523,8,7,8
3736,0,421,11,7,8
3737,0,236,3,6,4
3738,0,412,1,9,17
3739,0,79,4,11,9
3740,0,59,1,11,15
3741,0,41,4,7,3
3742,0,412,3,5,14
3743,0,131,0,10,4
3744,0,222,13,8,5
3745,1,104,8,4,14
3746,1,526,3,4,17
3747,1,58,11,6,3
3748,1,202,14,4,5
3749,1,103,5,3,10
3750,1,222,2,3,8
3751,1,40,0,4,9
3752,1,28,4,5,7
3753,1,875,9,1,3
3754,1,91,15,0,1
3755,0,102,1,6,4
3756,0,58,3,7,1
3757,0,145,6,6,3
3758,0,111,2,4,6
3759,0,777,1,7,0
3760,1,67,10,5,4
3761,1,526,3,3,10
3762,1,876,3,4,10
3763,1,777,4,2,4
3764,1,145,10,5,7
3765,0,80,4,9,6
3766,0,13,4,5,8
3767,0,104,3,6,7
3768,0,222,8,6,6
3769,0,497,0,4,14
3770,1,203,15,4,13
3771,1,429,7,4,14
3772,1,111,3,3,23
3773,1,150,2,6,9
3774,1,268,10,8,6
3775,0,412,2,13,9
3776,0,164,6,6,5
3777,0,104,7,7,8
3778,0,4,4,5,11
3779,0,222,6,6,7
3780,1,68,8,5,6
3781,1,104,10,2,13
3782,1,79,4,4,15
3783,1,777,7,2,10
3784,1,222,8,8,5
3785,0,429,6,6,6
3786,0,13,1,6,6
3787,0,147,0,11,10
3788,0,39,0,7,7
3789,0,141,14,7,3
3790,1,777,6,9,6
3791,1,51,11,3,6
3792,1,79,0,4,5
3793,1,25,2,4,10
3794,1,102,11,1,4
3795,0,68,4,6,7
3796,0,222,5,7,4
3797,0,236,6,8,7
3798,0,412,1,5,10
3799,0,245,5,4,10
3800,0,202,4,3,1
3801,0,60,4,4,2
3802,0,150,0,2,4
3803,0,235,1,2,5
3804,0,20,0,5,3
3805,1,126,1,2,2
3806,1,30,1,3,7
3807,1,432,2,1,8
3808,1,222,2,2,6
3809,1,246,10,1,4
3810,1,246,9,4,10
3811,1,150,1,6,13
3812,1,60,10,5,9
3813,1,145,7,1,9
3814,1,412,0,3,17
3815,0,79,5,8,6
3816,0,497,0,3,9
3817,0,51,1,2,6
3818,0,80,6,6,8
3819,0,421,7,8,6
3820,1,254,3,3,8
3821,1,58,1,2,4
3822,1,222,13,1,3
3823,1,1,4,1,3
3824,1,412,0,2,11
3825,0,2,2,5,4
3826,0,526,0,6,3
3827,0,18,0,4,0
3828,0,245,4,3,0
3829,0,516,2,3,2
3830,1,111,0,5,12
3831,1,876,4,4,8
3832,1,18,8,1,5
3833,1,85,3,1,5
3834,1,119,7,2,8
3835,0,126,1,5,0
3836,0,222,2,5,5
3837,0,234,2,4,0
3838,0,60,5,4,5
3839,0,201,2,4,7
3840,0,76,2,9,8
3841,0,41,5,10,6
3842,0,81,3,9,10
3843,0,238,19,6,3
3844,0,526,2,11,11
3845,1,77,11,4,14
3846,1,777,8,7,8
3847,1,43,1,8,28
3848,1,266,14,9,8
3849,1,115,10,3,12
3850,1,412,2,7,23
3851,1,142,4,9,18
3852,1,222,10,5,16
3853,1,28,10,6,15
3854,1,39,16,5,16
3855,0,150,2,13,4
3856,0,53,4,9,16
3857,0,43,3,6,13
3858,0,20,4,10,10
3859,0,145,19,4,5
3860,1,57,3,5,13
3861,1,234,7,2,5
3862,1,105,10,1,6
3863,1,202,7,2,6
3864,1,427,2,4,16
3865,0,12,3,6,3
3866,0,121,5,10,4
3867,0,23,1,6,2
3868,0,222,5,4,6
3869,0,79,0,3,2
3870,1,222,12,2,5
3871,1,497,4,1,15
3872,1,28,12,0,2
3873,1,126,2,0,6
3874,1,54,1,2,8
3875,0,89,0,7,4
3876,0,18,2,7,2
3877,0,234,1,8,2
3878,0,134,1,4,0
3879,0,150,1,5,0
3880,0,81,4,9,0
3881,0,72,0,6,4
3882,0,13,4,4,1
3883,0,518,1,9,5
3884,0,58,3,5,2
3885,1,14,2,2,6
3886,1,64,7,3,12
3887,1,412,1,4,12
3888,1,38,13,1,7
3889,1,222,10,2,9
3890,0,28,1,8,7
3891,0,222,7,6,6
3892,0,12,1,5,11
3893,0,164,2,12,1
3894,0,245,8,6,7
3895,1,30,9,4,10
3896,1,114,12,2,11
3897,1,25,0,7,14
3898,1,421,6,4,9
3899,1,61,10,4,8
3900,1,58,1,1,5
3901,1,76,3,1,6
3902,1,38,12,0,4
3903,1,22,1,1,1
3904,1,350,1,1,2
3905,0,235,0,2,3
3906,0,142,0,4,1
3907,0,222,0,3,3
3908,0,150,0,3,0
3909,0,421,4,6,0
3910,1,498,5,4,9
3911,1,421,14,1,7
3912,1,58,1,3,7
3913,1,497,1,3,22
3914,1,34,7,1,3
3915,0,526,0,5,11
3916,0,203,2,5,5
3917,0,112,0,3,3
3918,0,80,4,5,2
3919,0,29,6,10,2
3920,0,777,2,10,2
3921,0,85,3,6,5
3922,0,421,3,7,10
3923,0,412,3,5,8
3924,0,202,6,3,7
3925,1,2,5,5,11
3926,1,222,4,3,7
3927,1,526,2,4,13
3928,1,131,14,4,5
3929,1,122,6,1,4
3930,0,33,0,4,4
3931,0,412,0,3,0
3932,0,523,0,7,0
3933,0,85,3,4,0
3934,0,245,1,5,1
3935,1,555,7,1,8
3936,1,876,5,0,6
3937,1,777,6,2,5
3938,1,14,1,1,3
3939,1,145,3,0,4
3940,1,39,5,11,5
3941,1,26,3,4,24
3942,1,222,14,4,7
3943,1,120,11,5,11
3944,1,517,2,5,14
3945,0,18,10,8,5
3946,0,111,4,6,9
3947,0,14,2,4,15
3948,0,235,1,11,14
3949,0,30,12,6,6
3950,0,77,2,8,3
3951,0,79,0,4,4
3952,0,202,0,6,2
3953,0,266,4,5,1
3954,0,112,2,4,3
3955,1,41,3,3,6
3956,1,222,16,1,4
3957,1,59,6,2,10
3958,1,201,0,1,20
3959,1,61,2,1,9
3960,0,21,9,7,9
3961,0,412,1,10,16
3962,0,142,7,4,11
3963,0,875,3,9,4
3964,0,20,4,2,14
3965,1,222,17,5,8
3966,1,268,3,6,14
3967,1,25,2,4,19
3968,1,57,4,7,8
3969,1,121,6,3,8
3970,0,12,4,8,11
3971,0,18,10,8,8
3972,0,2,7,9,6
3973,0,147,2,9,9
3974,0,240,0,9,5
3975,1,234,10,1,13
3976,1,875,9,2,14
3977,1,60,15,3,13
3978,1,222,9,6,17
3979,1,526,0,11,15
3980,0,56,10,6,9
3981,0,518,7,5,12
3982,0,876,2,6,12
3983,0,39,8,9,11
3984,0,498,4,8,14
3985,1,203,11,6,8
3986,1,81,6,8,5
3987,1,240,8,6,16
3988,1,3,9,8,10
3989,1,117,0,3,23
3990,1,77,6,3,7
3991,1,29,6,4,4
3992,1,150,3,2,3
3993,1,412,1,4,11
3994,1,238,7,2,4
3995,0,876,8,3,3
3996,0,105,3,4,1
3997,0,119,2,6,5
3998,0,432,0,6,7
3999,0,518,2,4,4
4000,1,203,2,3,3
4001,1,12,1,2,9
4002,1,360,8,1,5
4003,1,147,1,2,4
4004,1,427,3,0,10
4005,0,67,3,4,1
4006,0,18,2,2,1
4007,0,432,0,4,5
4008,0,876,2,3,1
4009,0,114,1,2,1
4010,0,127,3,4,2
4011,0,245,7,4,3
4012,0,412,0,4,6
4013,0,58,0,7,3
4014,0,498,1,6,0
4015,1,92,8,3,2
4016,1,25,1,2,8
4017,1,68,7,2,2
4018,1,22,5,1,3
4019,1,59,4,3,5
4020,1,120,10,6,22
4021,1,68,11,6,18
4022,1,526,2,8,24
4023,1,145,17,7,10
4024,1,17,3,3,8
4025,0,18,7,10,8
4026,0,67,10,6,10
4027,0,30,10,11,10
4028,0,79,2,9,16
4029,0,266,1,7,11
4030,1,114,19,11,12
4031,1,105,5,8,18
4032,1,145,3,15,16
4033,1,12,6,10,28
4034,1,35,22,11,12
4035,0,7,12,7,9
4036,0,102,6,12,30
4037,0,96,16,13,13
4038,0,92,15,10,17
4039,0,89,6,13,30
4040,1,68,5,1,20
4041,1,202,10,2,9
4042,1,92,14,3,7
4043,1,105,5,7,11
4044,1,77,5,2,16
4045,0,55,4,8,3
4046,0,38,2,7,8
4047,0,43,1,9,7
4048,0,2,4,8,2
4049,0,222,3,7,4
4050,0,23,2,3,1
4051,0,120,2,3,3
4052,0,145,3,5,1
4053,0,92,0,2,1
4054,0,111,0,4,4
4055,1,78,0,1,7
4056,1,107,5,2,5
4057,1,26,3,1,13
4058,1,360,8,2,6
4059,1,42,1,1,4
4060,1,412,3,4,19
4061,1,56,6,4,14
4062,1,77,2,2,16
4063,1,84,7,2,7
4064,1,15,9,4,10
4065,0,114,2,5,2
4066,0,45,4,5,6
4067,0,59,6,6,4
4068,0,13,2,5,5
4069,0,3,2,6,11
4070,0,56,1,4,3
4071,0,360,2,4,1
4072,0,18,1,6,0
4073,0,58,4,2,0
4074,0,43,0,4,4
4075,1,147,1,2,11
4076,1,81,5,1,3
4077,1,141,7,1,5
4078,1,34,5,1,2
4079,1,62,2,3,3
4080,1,134,7,5,10
4081,1,497,2,4,17
4082,1,202,7,3,10
4083,1,79,7,8,8
4084,1,104,11,3,12
4085,0,222,5,9,7
4086,0,92,5,10,4
4087,0,91,7,4,7
4088,0,43,2,3,11
4089,0,30,3,8,9
4090,0,8,1,5,8
4091,0,120,5,6,4
4092,0,268,0,8,2
4093,0,497,2,8,10
4094,0,498,9,7,3
4095,1,96,5,1,7
4096,1,53,3,6,17
4097,1,35,10,1,5
4098,1,92,6,5,4
4099,1,145,10,4,8
4100,1,67,3,2,6
4101,1,56,6,5,8
4102,1,76,8,1,10
4103,1,92,9,4,5
4104,1,53,3,2,17
4105,0,6,4,6,2
4106,0,777,1,3,1
4107,0,245,4,7,5
4108,0,81,5,5,4
4109,0,111,0,8,7
4110,1,26,4,2,13
4111,1,56,3,2,8
4112,1,107,7,5,8
4113,1,68,4,4,7
4114,1,51,14,0,6
4115,0,876,5,7,4
4116,0,236,2,7,3
4117,0,24,5,5,1
4118,0,53,1,6,3
4119,0,360,0,7,1
4120,0,201,1,4,8
4121,0,245,3,9,5
4122,0,31,2,7,3
4123,0,238,5,8,3
4124,0,236,6,6,2
4125,1,79,3,5,8
4126,1,18,11,1,5
4127,1,122,7,1,5
4128,1,76,5,6,10
4129,1,80,7,4,10
4130,1,92,6,2,0
4131,1,67,5,2,4
4132,1,236,3,2,2
4133,1,76,4,1,5
4134,1,3,2,2,5
4135,0,145,4,6,2
4136,0,20,0,1,4
4137,0,150,0,4,1
4138,0,131,4,4,0
4139,0,412,1,5,4
4140,1,134,4,4,11
4141,1,150,7,4,8
4142,1,2,5,2,7
4143,1,15,10,2,7
4144,1,267,1,2,16
4145,0,76,5,5,5
4146,0,157,4,8,3
4147,0,202,2,3,3
4148,0,4,2,5,6
4149,0,432,1,6,9
4150,0,523,4,4,2
4151,0,112,1,3,1
4152,0,58,2,4,1
4153,0,120,2,3,1
4154,0,412,0,6,3
4155,1,51,5,3,3
4156,1,92,8,1,3
4157,1,25,2,2,8
4158,1,77,3,1,4
4159,1,61,2,2,9
4160,0,51,0,2,0
4161,0,163,0,4,0
4162,0,412,0,2,0
4163,0,58,2,6,0
4164,0,112,1,4,0
4165,1,53,2,0,3
4166,1,145,2,0,1
4167,1,27,6,0,3
4168,1,120,6,2,2
4169,1,92,2,1,4
4170,1,92,8,1,4
4171,1,36,3,1,5
4172,1,68,7,2,10
4173,1,110,5,4,1
4174,1,143,1,2,8
4175,0,58,1,6,0
4176,0,117,0,0,7
4177,0,69,1,7,0
4178,0,20,1,5,2
4179,0,96,7,6,0
4180,1,51,8,4,12
4181,1,91,10,10,11
4182,1,267,2,5,22
4183,1,2,7,6,11
4184,1,54,9,2,11
4185,0,69,9,5,6
4186,0,43,1,9,6
4187,0,126,9,13,1
4188,0,876,4,3,8
4189,0,119,4,6,7
4190,1,517,4,5,8
4191,1,202,6,2,10
4192,1,91,11,3,7
4193,1,120,10,2,12
4194,1,350,1,3,21
4195,0,43,4,5,7
4196,0,98,3,5,2
4197,0,80,2,6,4
4198,0,51,2,7,8
4199,0,876,4,9,7
4200,1,121,6,4,5
4201,1,18,10,3,6
4202,1,37,4,2,13
4203,1,31,3,2,7
4204,1,3,4,1,5
4205,0,61,1,2,3
4206,0,12,0,9,3
4207,0,266,3,3,2
4208,0,51,6,7,1
4209,0,203,2,6,3
4210,1,43,2,2,12
4211,1,266,6,6,7
4212,1,51,9,0,11
4213,1,25,5,3,12
4214,1,9,5,0,10
4215,0,61,3,4,4
4216,0,33,1,4,2
4217,0,234,3,7,1
4218,0,119,4,5,2
4219,0,412,0,7,8
4220,0,4,13,5,6
4221,0,35,17,5,7
4222,0,117,1,4,22
4223,0,222,4,10,12
4224,0,54,0,6,12
4225,1,114,0,7,3
4226,1,141,5,9,12
4227,1,119,5,6,13
4228,1,55,18,6,1
4229,1,235,2,7,15
4230,1,203,12,4,11
4231,1,38,8,0,10
4232,1,18,8,2,9
4233,1,43,0,5,18
4234,1,164,3,7,8
4235,0,236,6,3,3
4236,0,145,5,7,9
4237,0,111,1,6,9
4238,0,2,3,9,4
4239,0,876,3,6,4
4240,1,421,1,2,4
4241,1,38,6,1,4
4242,1,114,6,0,0
4243,1,145,4,0,1
4244,1,526,2,1,8
4245,0,92,0,7,0
4246,0,103,0,3,1
4247,0,18,3,2,1
4248,0,875,1,3,2
4249,0,76,0,4,4
4250,1,64,9,2,4
4251,1,81,6,2,5
4252,1,420,4,0,2
4253,1,55,6,3,4
4254,1,40,2,5,15
4255,0,202,0,4,3
4256,0,3,3,5,5
4257,0,163,2,4,6
4258,0,43,0,8,6
4259,0,92,7,6,3
4260,1,53,2,8,12
4261,1,238,6,7,6
4262,1,115,4,3,10
4263,1,104,4,3,7
4264,1,82,13,2,3
4265,0,3,7,7,9
4266,0,120,6,7,9
4267,0,147,2,3,16
4268,0,164,7,9,6
4269,0,111,1,3,13
4270,1,117,1,2,8
4271,1,67,10,2,5
4272,1,201,0,1,13
4273,1,876,5,1,6
4274,1,92,2,1,3
4275,0,142,2,1,0
4276,0,18,2,4,2
4277,0,412,1,7,0
4278,0,6,2,4,1
4279,0,2,0,2,1
4280,0,92,0,7,1
4281,0,81,4,4,2
4282,0,38,7,4,5
4283,0,120,0,7,8
4284,0,350,1,4,8
4285,1,104,1,1,9
4286,1,53,1,4,8
4287,1,119,9,2,6
4288,1,18,8,3,5
4289,1,107,7,2,2
4290,0,18,6,8,9
4291,0,164,7,8,5
4292,0,117,1,7,15
4293,0,35,7,7,7
4294,0,68,2,3,10
4295,1,421,9,8,8
4296,1,236,4,5,8
4297,1,112,7,3,8
4298,1,412,2,1,22
4299,1,126,11,6,7
4300,0,62,6,5,4
4301,0,145,3,4,5
4302,0,38,1,8,7
4303,0,43,4,7,9
4304,0,9,3,4,8
4305,1,20,2,4,15
4306,1,92,7,6,10
4307,1,523,11,2,6
4308,1,13,5,2,3
4309,1,53,3,3,12
4310,1,69,1,6,9
4311,1,2,6,4,6
4312,1,114,12,5,3
4313,1,51,7,2,8
4314,1,147,1,4,15
4315,0,89,1,5,13
4316,0,76,5,5,5
4317,0,13,7,4,4
4318,0,92,6,8,7
4319,0,15,1,5,8
4320,1,3,6,5,14
4321,1,33,2,6,15
4322,1,53,2,7,14
4323,1,145,10,7,10
4324,1,92,14,6,5
4325,0,48,3,9,19
4326,0,69,1,9,4
4327,0,25,3,9,18
4328,0,7,11,2,7
4329,0,202,12,5,11
4330,0,429,14,7,5
4331,0,266,0,9,10
4332,0,64,5,3,9
4333,0,53,2,6,17
4334,0,131,4,4,4
4335,1,145,8,3,13
4336,1,76,10,3,11
4337,1,164,2,5,14
4338,1,111,1,9,13
4339,1,18,8,5,7
